iter	Passed	Remaining
0	6959	41751731
1	13602	40793465
2	19748	39476370
3	25545	38293405
4	31550	37828497
5	37578	37541019
6	43730	37439401
7	49927	37395774
8	56156	37381751
9	62072	37181475
10	67984	37014719
11	73846	36849334
12	79385	36559934
13	85103	36387971
14	90734	36203151
15	96707	36168521
16	102776	36171186
17	108498	36057778
18	114491	36040600
19	120375	35992245
20	126185	35926934
21	131949	35854325
22	137496	35731196
23	143011	35609741
24	148711	35542129
25	154440	35485672
26	160158	35430717
27	166093	35425310
28	171753	35363406
29	177327	35288160
30	182840	35205619
31	188277	35113755
32	193871	35055410
33	199843	35066729
34	205579	35036572
35	211356	35014650
36	217195	35003726
37	223285	35032340
38	229093	35016071
39	235038	35020750
40	241502	35100264
41	247589	35122292
42	253353	35098365
43	259056	35066859
44	264894	35054355
45	270668	35033920
46	276417	35010922
47	282334	35009532
48	287919	34967572
49	293470	34922938
50	299194	34900122
51	304970	34883980
52	310916	34887196
53	316668	34868772
54	322428	34851607
55	328363	34853481
56	334534	34879629
57	340705	34904726
58	346196	34860229
59	351915	34839648
60	357422	34798875
61	362910	34757426
62	368553	34731809
63	374049	34693109
64	379660	34665929
65	385434	34654091
66	391186	34640438
67	397057	34637420
68	402960	34637085
69	408877	34637796
70	414674	34628242
71	420554	34625663
72	426306	34612591
73	431896	34586708
74	437427	34556809
75	442987	34529745
76	448730	34517244
77	454611	34515481
78	460567	34519273
79	466556	34525179
80	472717	34543373
81	478923	34564250
82	484877	34566509
83	490540	34548048
84	496210	34530428
85	501899	34514322
86	507506	34492915
87	513216	34478824
88	519110	34477079
89	524739	34457907
90	530277	34433088
91	535808	34408248
92	541408	34388186
93	547112	34374930
94	552974	34371748
95	558519	34348920
96	564034	34324700
97	569626	34305481
98	575468	34301438
99	580981	34277901
100	586805	34272933
101	592185	34242261
102	597750	34222653
103	603420	34209322
104	608970	34189323
105	614471	34166957
106	619955	34143881
107	625533	34126314
108	631141	34110612
109	636674	34091039
110	642861	34106387
111	648951	34116311
112	654578	34101790
113	660162	34085240
114	665570	34059849
115	671157	34043896
116	676514	34016554
117	681802	33986130
118	687218	33962468
119	692944	33954292
120	698822	33953550
121	704518	33943924
122	709956	33922064
123	715521	33906497
124	721165	33894759
125	726801	33882811
126	732688	33882506
127	738189	33864451
128	743999	33860607
129	749841	33858214
130	755877	33864463
131	761927	33871144
132	767789	33869331
133	773672	33868380
134	779492	33864637
135	785425	33865684
136	791188	33859396
137	796864	33849427
138	802832	33851821
139	808942	33860005
140	814695	33853208
141	820398	33844326
142	825954	33829477
143	831818	33827302
144	837401	33813685
145	842934	33798225
146	848314	33776767
147	853719	33756545
148	859305	33743585
149	864709	33723671
150	870313	33711668
151	876294	33714295
152	882267	33716460
153	887701	33698070
154	893368	33688635
155	898779	33669654
156	904276	33654066
157	909791	33639258
158	915326	33625298
159	920810	33609572
160	926470	33600370
161	932484	33603982
162	938453	33605856
163	944293	33603041
164	949977	33594668
165	955807	33591460
166	961674	33589516
167	967440	33584005
168	973146	33576423
169	978639	33561561
170	984188	33548742
171	990778	33571253
172	997174	33586924
173	1002968	33582152
174	1008804	33578767
175	1014695	33577206
176	1020683	33578745
177	1026819	33585073
178	1032918	33590044
179	1039153	33599280
180	1045041	33597213
181	1050783	33590441
182	1056548	33584397
183	1062403	33581192
184	1067910	33567037
185	1073447	33553891
186	1079077	33543717
187	1084903	33539670
188	1090517	33529088
189	1096256	33522374
190	1101747	33508121
191	1107333	33496836
192	1113178	33493398
193	1118773	33482459
194	1124325	33470299
195	1129789	33455615
196	1135733	33455121
197	1141460	33448253
198	1147303	33444756
199	1152952	33435622
200	1158291	33417580
201	1163891	33407139
202	1169537	33398060
203	1175496	33397923
204	1181171	33389691
205	1186611	33374885
206	1192301	33367160
207	1197926	33357649
208	1203809	33355327
209	1209620	33350971
210	1215324	33343657
211	1220956	33334406
212	1226535	33323754
213	1232267	33317290
214	1238304	33319039
215	1244303	33319672
216	1250302	33320286
217	1256226	33318803
218	1262068	33315151
219	1267747	33307173
220	1273380	33298048
221	1279077	33290586
222	1284615	33279031
223	1290043	33264700
224	1295937	33262405
225	1301611	33254455
226	1307119	33242294
227	1312864	33236213
228	1318454	33226202
229	1323992	33214948
230	1329664	33207063
231	1335308	33198534
232	1340717	33184190
233	1346278	33173680
234	1351870	33163978
235	1357671	33159393
236	1363480	33155009
237	1369274	33150261
238	1374880	33140950
239	1380440	33130561
240	1386273	33126748
241	1392031	33121157
242	1397769	33115049
243	1403411	33106699
244	1409074	33098877
245	1415130	33100251
246	1420764	33091728
247	1426133	33077094
248	1431692	33066929
249	1437088	33053024
250	1442805	33046568
251	1448457	33038636
252	1454184	33032397
253	1459662	33020549
254	1465308	33012528
255	1471241	33010985
256	1477079	33007260
257	1482958	33004447
258	1488730	32999241
259	1494383	32991390
260	1500016	32983120
261	1505751	32977107
262	1511283	32966667
263	1516963	32959469
264	1522490	32948996
265	1528126	32940887
266	1533976	32937405
267	1539759	32932476
268	1545363	32923712
269	1550994	32915549
270	1556523	32905244
271	1562253	32899225
272	1568018	32893928
273	1573877	32890583
274	1579534	32883036
275	1584995	32871429
276	1590344	32857545
277	1596040	32850886
278	1601690	32843257
279	1607233	32833474
280	1612762	32823441
281	1618398	32815614
282	1624095	32809031
283	1629572	32798011
284	1635138	32788831
285	1640941	32784398
286	1646399	32773109
287	1652214	32768914
288	1658166	32767435
289	1664062	32764814
290	1669720	32757504
291	1676015	32762664
292	1682151	32764645
293	1689565	32791369
294	1695956	32798074
295	1702883	32815031
296	1709060	32817423
297	1715177	32818599
298	1721365	32821089
299	1727080	32814538
300	1732845	32808929
301	1738684	32804710
302	1744234	32795069
303	1749816	32786042
304	1755389	32776867
305	1762765	32801267
306	1771544	32851482
307	1778550	32868534
308	1785449	32883477
309	1793046	32911076
310	1800600	32937680
311	1808096	32962985
312	1815479	32986049
313	1822094	32994990
314	1828325	32996920
315	1835819	33021516
316	1843964	33057565
317	1851230	33077646
318	1858156	33091497
319	1864858	33101230
320	1872558	33128528
321	1879294	33138623
322	1885717	33143089
323	1892385	33151786
324	1898794	33155873
325	1905059	33157377
326	1911331	33158974
327	1917620	33160796
328	1923580	33156919
329	1929636	33154670
330	1935548	33149931
331	1941588	33147362
332	1947544	33143346
333	1953474	33138879
334	1959434	33134916
335	1965259	33128662
336	1970875	33118897
337	1976332	33106498
338	1982166	33100421
339	1987971	33093880
340	1993507	33082876
341	1999312	33076353
342	2004904	33066311
343	2010645	33058744
344	2017535	33070044
345	2023530	33066592
346	2029196	33057782
347	2034936	33050168
348	2040737	33043577
349	2046760	33040559
350	2053123	33043010
351	2059189	33040636
352	2064983	33033885
353	2070761	33026894
354	2078168	33045799
355	2084406	33046034
356	2090686	33046902
357	2096669	33043049
358	2102388	33035024
359	2108566	33034212
360	2114714	33032897
361	2120721	33029353
362	2126792	33026796
363	2133344	33031670
364	2139918	33036826
365	2147219	33053098
366	2153563	33054559
367	2159761	33053736
368	2166340	33058710
369	2172907	33063437
370	2179197	33063894
371	2185742	33068171
372	2192527	33076015
373	2199621	33088417
374	2206325	33094875
375	2212570	33094402
376	2218702	33092208
377	2225104	33094016
378	2231470	33095231
379	2237884	33097127
380	2244280	33098718
381	2250727	33101006
382	2257203	33103693
383	2263877	33109206
384	2270488	33113754
385	2277001	33116802
386	2283224	33115603
387	2289418	33113955
388	2296092	33119210
389	2302584	33121792
390	2309005	33123297
391	2316011	33133150
392	2323092	33143966
393	2329492	33145018
394	2335349	33138313
395	2341363	33133834
396	2347418	33129945
397	2353561	33127266
398	2359668	33124071
399	2365853	33121955
400	2371949	33118573
401	2378025	33114896
402	2384067	33110738
403	2390144	33107045
404	2395927	33099297
405	2401596	33089972
406	2407938	33089926
407	2413929	33085038
408	2419976	33080901
409	2426147	33078455
410	2432308	33075838
411	2438673	33075990
412	2445554	33083082
413	2452060	33085054
414	2458337	33083889
415	2464049	33075120
416	2470279	33073305
417	2476325	33069019
418	2482218	33062674
419	2487845	33052802
420	2493861	33048113
421	2499633	33040185
422	2505307	33030962
423	2511340	33026493
424	2517114	33018618
425	2523462	33018257
426	2530075	33021338
427	2536970	33028030
428	2543443	33029197
429	2550073	33032351
430	2557034	33039739
431	2563806	33044618
432	2570789	33052165
433	2577426	33055193
434	2583958	33056846
435	2590689	33060995
436	2597139	33061523
437	2603198	33057051
438	2609352	33053783
439	2615982	33056509
440	2622189	33053858
441	2628234	33049152
442	2634610	33048596
443	2640864	33046496
444	2647053	33043549
445	2653696	33046261
446	2660402	33049703
447	2666755	33048720
448	2672982	33046164
449	2679429	33046296
450	2685720	33044488
451	2691871	33040933
452	2697947	33036454
453	2704085	33032727
454	2710431	33031519
455	2716773	33030241
456	2723101	33028776
457	2729314	33025893
458	2735877	33027226
459	2742198	33025605
460	2748662	33025684
461	2754835	33022250
462	2760952	33018125
463	2767288	33016616
464	2773386	33012244
465	2779594	33009179
466	2785602	33003719
467	2791839	33000972
468	2798493	33003124
469	2804791	33001054
470	2810817	32995777
471	2816829	32990328
472	2822840	32984861
473	2828921	32980212
474	2835196	32977808
475	2841211	32972383
476	2847337	32968233
477	2853468	32964131
478	2859671	32960853
479	2865542	32953739
480	2871517	32947830
481	2877276	32939447
482	2883472	32936063
483	2889707	32933117
484	2895671	32927074
485	2901940	32924480
486	2907865	32917996
487	2913798	32911593
488	2920034	32908604
489	2925884	32901275
490	2932505	32902587
491	2938195	32893456
492	2943675	32881995
493	2949474	32874099
494	2955330	32866855
495	2960902	32856468
496	2966656	32848113
497	2972701	32842976
498	2978673	32837035
499	2984565	32830219
500	2990228	32820892
501	2996065	32813486
502	3002203	32809368
503	3008512	32807109
504	3014828	32804914
505	3021026	32801421
506	3027837	32804558
507	3034684	32808046
508	3041655	32812833
509	3047762	32808268
510	3054087	32806043
511	3061333	32813671
512	3068652	32822020
513	3075537	32825674
514	3081636	32820920
515	3087532	32814012
516	3093574	32808639
517	3099451	32801535
518	3105591	32797197
519	3111545	32790902
520	3117379	32783345
521	3123211	32775773
522	3129175	32769590
523	3135042	32762388
524	3140968	32755811
525	3146845	32748730
526	3152411	32738422
527	3157823	32726536
528	3163690	32719375
529	3169381	32710404
530	3174923	32699917
531	3180839	32693287
532	3186436	32683394
533	3192676	32680094
534	3199090	32678556
535	3205038	32672258
536	3210812	32664188
537	3216784	32658138
538	3222569	32650188
539	3228693	32645677
540	3234676	32639737
541	3240503	32632224
542	3246378	32625210
543	3252237	32618027
544	3258117	32611067
545	3263944	32603582
546	3269814	32596524
547	3275999	32592607
548	3282005	32586909
549	3288408	32585142
550	3294443	32579716
551	3300565	32575146
552	3306490	32568635
553	3312721	32565129
554	3318988	32561971
555	3324963	32555935
556	3331039	32550894
557	3337514	32549741
558	3343894	32547634
559	3350239	32545183
560	3356091	32537938
561	3361996	32531202
562	3368946	32534572
563	3375810	32537065
564	3382618	32538994
565	3389492	32541522
566	3396558	32545859
567	3403607	32549995
568	3412024	32567148
569	3419788	32577989
570	3427804	32591158
571	3434719	32593803
572	3441260	32592879
573	3448027	32594067
574	3454118	32588855
575	3460097	32582584
576	3465931	32574946
577	3471818	32567821
578	3477702	32560668
579	3483724	32554809
580	3489785	32549307
581	3495785	32543238
582	3501949	32538699
583	3508296	32535849
584	3514795	32534387
585	3520556	32526095
586	3526573	32520169
587	3532613	32514466
588	3538564	32507930
589	3544563	32501841
590	3550506	32495241
591	3556588	32489917
592	3562589	32483850
593	3568490	32476868
594	3574517	32471033
595	3580387	32463778
596	3586172	32455762
597	3592281	32450676
598	3598081	32442799
599	3603771	32433939
600	3609466	32425144
601	3615327	32417835
602	3621130	32410016
603	3626734	32400432
604	3632541	32392663
605	3639110	32391690
606	3645276	32387107
607	3651330	32381532
608	3657295	32375173
609	3662874	32365396
610	3668423	32355372
611	3674008	32345679
612	3679527	32335423
613	3685130	32325913
614	3690720	32316305
615	3696377	32307303
616	3701965	32297700
617	3708043	32292380
618	3713753	32283853
619	3719243	32273432
620	3724819	32263774
621	3730516	32255171
622	3736366	32247898
623	3742108	32239704
624	3747660	32229878
625	3753436	32221994
626	3759057	32212782
627	3764794	32204576
628	3770303	32194432
629	3776056	32186383
630	3781374	32174641
631	3787060	32166044
632	3792529	32155617
633	3798083	32145925
634	3803796	32137588
635	3809322	32127686
636	3815040	32119408
637	3820604	32109847
638	3826267	32101130
639	3831834	32091611
640	3837404	32082139
641	3843021	32073066
642	3848601	32063701
643	3854261	32055004
644	3859973	32046752
645	3865771	32039227
646	3871513	32031240
647	3876912	32020429
648	3882302	32009554
649	3887955	32000863
650	3893815	31993885
651	3899326	31984043
652	3904872	31974507
653	3910773	31967878
654	3916410	31959101
655	3921841	31948662
656	3927474	31939872
657	3933263	31932364
658	3938873	31923404
659	3944251	31912581
660	3950090	31905498
661	3955677	31896384
662	3961070	31885722
663	3966733	31877247
664	3972392	31868746
665	3978347	31862623
666	3984589	31858791
667	3990657	31853571
668	3996758	31848607
669	4002915	31844089
670	4008964	31838708
671	4015047	31833594
672	4020870	31826415
673	4026168	31815097
674	4031728	31805858
675	4037284	31796598
676	4043126	31789604
677	4048806	31781340
678	4054505	31773232
679	4059937	31763043
680	4065477	31753705
681	4071324	31746781
682	4076859	31737427
683	4082513	31729006
684	4088157	31720524
685	4093882	31712670
686	4099522	31704168
687	4105181	31695817
688	4110695	31686363
689	4116327	31677823
690	4121655	31666956
691	4127296	31658512
692	4133059	31651004
693	4138690	31642496
694	4144048	31631910
695	4149602	31622830
696	4155270	31614633
697	4161117	31607797
698	4166852	31600124
699	4172528	31592003
700	4178410	31585447
701	4183996	31576653
702	4189587	31567913
703	4195405	31560887
704	4201114	31553054
705	4206800	31545042
706	4212495	31537111
707	4218342	31530323
708	4224266	31524110
709	4230180	31517824
710	4236158	31512011
711	4242190	31506604
712	4248223	31501202
713	4254130	31494868
714	4260014	31488361
715	4265626	31479847
716	4271188	31470973
717	4276847	31462825
718	4282520	31454789
719	4288059	31445773
720	4293929	31439188
721	4299453	31430075
722	4304846	31420020
723	4310529	31412090
724	4316153	31403736
725	4321944	31396603
726	4327414	31387147
727	4333020	31378689
728	4338679	31370619
729	4344631	31364670
730	4350405	31357436
731	4356018	31349047
732	4361723	31341335
733	4367151	31331635
734	4373021	31325110
735	4378661	31316945
736	4384024	31306812
737	4389731	31299144
738	4395401	31291210
739	4400898	31282064
740	4406565	31274127
741	4412239	31266245
742	4417876	31258111
743	4423421	31249335
744	4429186	31242117
745	4434754	31233510
746	4440266	31224527
747	4445891	31216336
748	4451499	31208045
749	4457086	31199603
750	4462477	31189808
751	4468020	31181076
752	4473792	31173959
753	4479331	31165217
754	4484704	31155329
755	4490147	31145947
756	4495808	31138078
757	4501296	31129021
758	4506861	31120503
759	4512156	31110132
760	4517839	31102446
761	4523428	31094116
762	4528994	31085643
763	4534926	31079681
764	4540401	31070591
765	4545950	31062019
766	4551447	31053093
767	4557033	31044789
768	4562484	31035573
769	4568116	31027594
770	4573534	31018171
771	4578979	31008943
772	4584666	31001358
773	4590176	30992587
774	4596721	30990802
775	4602495	30983811
776	4608030	30975215
777	4614121	30970360
778	4619761	30962485
779	4625131	30952802
780	4630683	30944347
781	4636399	30936998
782	4642388	30931468
783	4648114	30924189
784	4654132	30918856
785	4659427	30908723
786	4665085	30901005
787	4670638	30892600
788	4676311	30884992
789	4682192	30878765
790	4687723	30870229
791	4693179	30861211
792	4698874	30853769
793	4704622	30846682
794	4710239	30838737
795	4715850	30830760
796	4721332	30821945
797	4726906	30813742
798	4732693	30806930
799	4738411	30799674
800	4743911	30791008
801	4749352	30781961
802	4754850	30773297
803	4760426	30765141
804	4765965	30756761
805	4771744	30749925
806	4777484	30742845
807	4783168	30735406
808	4788896	30728256
809	4794731	30721798
810	4800366	30714058
811	4805933	30705892
812	4811834	30699859
813	4817360	30691441
814	4822976	30683595
815	4828921	30677855
816	4834955	30672675
817	4841214	30668917
818	4847197	30663404
819	4853202	30658036
820	4858933	30650931
821	4864410	30642232
822	4870012	30634330
823	4875563	30626111
824	4881511	30620392
825	4887260	30613422
826	4893031	30606590
827	4898989	30600934
828	4904736	30593961
829	4910569	30587526
830	4916224	30579982
831	4921744	30571602
832	4926973	30561429
833	4932534	30553327
834	4937936	30544239
835	4943620	30536908
836	4949281	30529436
837	4954872	30521542
838	4960256	30512374
839	4965790	30504140
840	4971540	30497240
841	4977215	30489879
842	4982765	30481756
843	4988382	30474054
844	4994376	30468649
845	5000055	30461332
846	5005630	30453380
847	5011442	30446876
848	5017071	30439263
849	5022431	30430027
850	5028014	30422147
851	5033705	30414924
852	5039238	30406755
853	5044768	30398568
854	5050192	30389754
855	5055961	30383019
856	5061763	30376489
857	5067447	30369250
858	5073019	30361344
859	5078799	30354683
860	5084302	30346375
861	5089914	30338725
862	5095460	30330685
863	5101202	30323813
864	5106591	30314850
865	5112023	30306154
866	5117556	30298058
867	5123151	30290339
868	5129046	30284393
869	5134877	30278068
870	5140591	30271061
871	5145975	30262114
872	5151912	30256418
873	5157421	30248217
874	5163136	30241226
875	5168817	30234043
876	5174252	30225425
877	5179830	30217643
878	5185380	30209711
879	5191020	30202298
880	5196619	30194656
881	5202104	30186359
882	5207585	30178045
883	5213191	30170460
884	5218894	30163441
885	5224533	30156056
886	5230030	30147851
887	5235527	30139660
888	5241406	30133666
889	5247347	30128031
890	5253136	30121518
891	5258628	30113313
892	5264040	30104654
893	5269721	30097534
894	5275335	30090041
895	5280790	30081645
896	5286200	30073000
897	5291628	30064461
898	5297352	30057615
899	5303105	30050930
900	5308746	30043618
901	5314560	30037280
902	5319985	30028753
903	5325464	30020539
904	5331235	30013971
905	5336750	30005966
906	5342272	29998009
907	5347748	29989795
908	5353144	29981142
909	5358785	29973864
910	5364521	29967121
911	5370096	29959483
912	5375791	29952518
913	5381297	29944505
914	5386842	29936716
915	5392691	29930615
916	5398455	29924043
917	5404045	29916515
918	5409336	29907334
919	5414824	29899248
920	5420410	29891710
921	5426212	29885365
922	5432295	29880568
923	5438632	29877161
924	5444759	29872600
925	5451120	29869315
926	5456782	29862197
927	5462619	29856041
928	5468440	29849800
929	5474081	29842575
930	5479781	29835673
931	5485596	29829403
932	5491719	29824805
933	5497912	29820580
934	5503928	29815399
935	5509949	29810237
936	5516300	29806861
937	5521969	29799795
938	5527641	29792750
939	5533134	29784744
940	5538740	29777354
941	5544624	29771453
942	5550443	29765209
943	5556161	29758421
944	5561820	29751326
945	5567303	29743291
946	5572998	29736387
947	5578579	29728885
948	5584356	29722428
949	5590029	29715420
950	5595529	29707494
951	5601320	29701118
952	5607135	29694871
953	5613376	29690877
954	5619648	29687042
955	5625744	29682273
956	5631939	29678024
957	5637898	29672530
958	5643646	29665923
959	5649519	29659975
960	5655384	29653989
961	5661542	29649534
962	5667603	29644567
963	5673630	29639423
964	5679653	29634252
965	5685575	29628557
966	5691835	29624623
967	5697808	29619183
968	5703754	29613608
969	5709657	29607810
970	5715648	29602465
971	5721742	29597655
972	5727845	29592888
973	5734240	29589621
974	5740278	29584512
975	5746140	29578492
976	5751917	29572040
977	5757739	29565813
978	5763659	29560094
979	5769443	29553678
980	5775100	29546615
981	5781358	29542624
982	5788242	29541821
983	5795061	29540680
984	5801540	29537790
985	5807828	29533926
986	5814595	29532491
987	5821225	29530347
988	5827595	29526876
989	5834026	29523709
990	5840811	29522325
991	5847711	29521509
992	5854216	29518693
993	5859900	29511731
994	5865607	29504889
995	5871327	29498113
996	5877101	29491612
997	5882683	29484152
998	5888122	29475974
999	5894211	29471059
1000	5899678	29463031
1001	5905637	29457459
1002	5911586	29451840
1003	5917333	29445218
1004	5922882	29437609
1005	5928519	29430445
1006	5934180	29423399
1007	5939976	29417026
1008	5945700	29410299
1009	5951355	29403231
1010	5956923	29395739
1011	5962461	29388101
1012	5967976	29380352
1013	5974307	29376625
1014	5980167	29370578
1015	5985721	29363026
1016	5991466	29356419
1017	5997171	29349615
1018	6002676	29341835
1019	6008188	29334095
1020	6013672	29326226
1021	6019101	29318091
1022	6024700	29310784
1023	6030484	29304383
1024	6036711	29300138
1025	6042864	29295522
1026	6048757	29289651
1027	6054628	29283670
1028	6060331	29276876
1029	6066161	29270699
1030	6071585	29262570
1031	6077120	29254973
1032	6083030	29249191
1033	6088693	29242215
1034	6094691	29236851
1035	6100347	29229849
1036	6105970	29222694
1037	6111759	29216330
1038	6117561	29210032
1039	6123362	29203728
1040	6128976	29196535
1041	6134791	29190301
1042	6140445	29183304
1043	6145874	29175242
1044	6151693	29169036
1045	6157465	29162602
1046	6163171	29155863
1047	6168850	29148995
1048	6174531	29142140
1049	6180460	29136458
1050	6186232	29130034
1051	6191778	29122549
1052	6197236	29114653
1053	6202797	29107243
1054	6208424	29100150
1055	6214445	29094905
1056	6219969	29087329
1057	6225653	29080511
1058	6231104	29072605
1059	6236810	29065891
1060	6242439	29058820
1061	6247951	29051211
1062	6253401	29043316
1063	6258807	29035218
1064	6264460	29028275
1065	6270253	29021978
1066	6275943	29015208
1067	6281490	29007780
1068	6286911	28999774
1069	6292314	28991692
1070	6297686	28983470
1071	6303307	28976398
1072	6308954	28969449
1073	6314707	28962989
1074	6320096	28954860
1075	6325800	28948179
1076	6331484	28941408
1077	6337485	28936089
1078	6343151	28929240
1079	6348614	28921467
1080	6354651	28916307
1081	6360324	28909498
1082	6366092	28903119
1083	6371698	28896005
1084	6377124	28888078
1085	6382671	28880705
1086	6388538	28874783
1087	6394310	28868430
1088	6399987	28861651
1089	6405323	28853338
1090	6410954	28846357
1091	6416700	28839895
1092	6422213	28832388
1093	6427676	28824663
1094	6433300	28817659
1095	6438730	28809794
1096	6444435	28803158
1097	6450236	28796955
1098	6456156	28791285
1099	6462282	28786529
1100	6467951	28779741
1101	6473750	28773532
1102	6479673	28767872
1103	6485508	28761819
1104	6491346	28755782
1105	6497352	28750492
1106	6503645	28746466
1107	6509634	28741091
1108	6515502	28735188
1109	6521494	28729826
1110	6527366	28723936
1111	6533378	28718663
1112	6539565	28714157
1113	6545352	28707894
1114	6551318	28702415
1115	6557277	28696901
1116	6562973	28690241
1117	6568448	28682617
1118	6574285	28676573
1119	6579852	28669358
1120	6585529	28662620
1121	6591043	28655179
1122	6596783	28648718
1123	6602413	28641786
1124	6607832	28633940
1125	6613491	28627136
1126	6619003	28619703
1127	6624585	28612569
1128	6630573	28607194
1129	6636846	28603047
1130	6643284	28599605
1131	6649773	28596375
1132	6656417	28593808
1133	6662955	28590776
1134	6669843	28589241
1135	6676376	28586177
1136	6682590	28581737
1137	6689062	28578403
1138	6695985	28576983
1139	6702620	28574330
1140	6708182	28567097
1141	6713898	28560525
1142	6719709	28554354
1143	6725280	28547171
1144	6731035	28540764
1145	6736537	28533292
1146	6741939	28525397
1147	6747622	28518695
1148	6753564	28513090
1149	6759440	28507204
1150	6765161	28500669
1151	6770688	28493315
1152	6776259	28486148
1153	6781986	28479640
1154	6787479	28472154
1155	6793053	28465008
1156	6798529	28457458
1157	6804051	28450099
1158	6810275	28445679
1159	6816351	28440638
1160	6822158	28434475
1161	6827732	28427340
1162	6833128	28419468
1163	6839189	28414365
1164	6844660	28406808
1165	6850589	28401156
1166	6856047	28393555
1167	6861621	28386434
1168	6867410	28380207
1169	6873672	28375930
1170	6879358	28369275
1171	6884974	28362334
1172	6890727	28355959
1173	6896406	28349280
1174	6902591	28344684
1175	6908511	28338996
1176	6914373	28333071
1177	6919828	28325478
1178	6925396	28318351
1179	6930986	28311317
1180	6937287	28307187
1181	6942784	28299774
1182	6948315	28292505
1183	6954003	28285878
1184	6960159	28281156
1185	6965844	28274514
1186	6971926	28269489
1187	6977422	28262086
1188	6982865	28254471
1189	6988593	28248013
1190	6994412	28241923
1191	7000562	28237167
1192	7006456	28231378
1193	7012039	28224339
1194	7018151	28219429
1195	7023989	28213414
1196	7029824	28207389
1197	7035343	28200100
1198	7041046	28193549
1199	7046865	28187460
1200	7052899	28182235
1201	7059154	28177889
1202	7064942	28171679
1203	7070739	28165505
1204	7076370	28158667
1205	7082006	28151855
1206	7087795	28145654
1207	7093648	28139705
1208	7099229	28132677
1209	7105163	28127052
1210	7111046	28121224
1211	7116939	28115434
1212	7122681	28109049
1213	7128009	28101033
1214	7133702	28094456
1215	7139438	28088054
1216	7144995	28080949
1217	7150674	28074324
1218	7156170	28066984
1219	7161856	28060389
1220	7167643	28054193
1221	7173706	28049075
1222	7179255	28041950
1223	7184868	28035076
1224	7190653	28028872
1225	7196507	28022940
1226	7202402	28017170
1227	7208349	28011599
1228	7214173	28005550
1229	7219735	27998484
1230	7225738	27993133
1231	7231671	27987509
1232	7237979	27983331
1233	7244307	27979231
1234	7250543	27974769
1235	7256416	27968905
1236	7262466	27963723
1237	7268456	27958310
1238	7274343	27952503
1239	7280283	27946893
1240	7286678	27943032
1241	7293274	27939933
1242	7299686	27936128
1243	7305542	27930194
1244	7311518	27924713
1245	7318565	27923321
1246	7325550	27921684
1247	7331729	27916971
1248	7337446	27910496
1249	7342945	27903193
1250	7348824	27897336
1251	7354593	27891061
1252	7360651	27885885
1253	7366253	27878979
1254	7371674	27871392
1255	7377298	27864574
1256	7383026	27858150
1257	7388674	27851424
1258	7394211	27844285
1259	7399876	27837631
1260	7405479	27830744
1261	7411603	27825814
1262	7417611	27820446
1263	7423455	27814467
1264	7429180	27808038
1265	7435009	27802000
1266	7440821	27795904
1267	7446669	27789938
1268	7452426	27783630
1269	7458229	27777500
1270	7463789	27770465
1271	7469627	27764464
1272	7475778	27759628
1273	7481561	27753420
1274	7487193	27746659
1275	7492918	27740241
1276	7498611	27733707
1277	7504219	27726856
1278	7510080	27720945
1279	7515549	27713587
1280	7520967	27706047
1281	7526958	27700615
1282	7533243	27696265
1283	7539081	27690272
1284	7544780	27683766
1285	7550129	27675981
1286	7555759	27669225
1287	7561801	27663981
1288	7567579	27657769
1289	7573318	27651418
1290	7578744	27643925
1291	7584264	27636779
1292	7589999	27630414
1293	7595985	27624967
1294	7602062	27619848
1295	7607567	27612653
1296	7613236	27606052
1297	7619203	27600534
1298	7625089	27594722
1299	7630675	27587828
1300	7636280	27581000
1301	7641912	27574273
1302	7647554	27567585
1303	7653616	27562411
1304	7660125	27558841
1305	7666183	27553647
1306	7671691	27546478
1307	7677315	27539727
1308	7683446	27534795
1309	7689494	27529565
1310	7695741	27525041
1311	7701721	27519564
1312	7707853	27514631
1313	7714217	27510519
1314	7720370	27505652
1315	7725806	27498236
1316	7731344	27491182
1317	7736862	27484060
1318	7742507	27477391
1319	7748444	27471757
1320	7754442	27466340
1321	7759985	27459313
1322	7765713	27452940
1323	7772297	27449593
1324	7778547	27445063
1325	7784329	27438882
1326	7789827	27431697
1327	7795682	27425774
1328	7801714	27420473
1329	7807902	27415717
1330	7813919	27410362
1331	7819439	27403261
1332	7824906	27395978
1333	7831058	27391092
1334	7837726	27388008
1335	7844253	27384428
1336	7850155	27378664
1337	7855830	27372109
1338	7861865	27366807
1339	7867397	27359755
1340	7873298	27353987
1341	7879017	27347587
1342	7884752	27341245
1343	7890837	27336114
1344	7896872	27330810
1345	7903088	27326133
1346	7908575	27318931
1347	7913868	27311066
1348	7919747	27305222
1349	7925096	27297553
1350	7931056	27291991
1351	7936870	27285928
1352	7942374	27278797
1353	7948114	27272482
1354	7954480	27268310
1355	7960759	27263839
1356	7966652	27258044
1357	7972274	27251324
1358	7977861	27244485
1359	7984211	27240252
1360	7990602	27236152
1361	7996767	27231284
1362	8002650	27225452
1363	8009053	27221388
1364	8015974	27219078
1365	8022294	27214724
1366	8027832	27207715
1367	8033571	27201391
1368	8039546	27195866
1369	8045918	27191679
1370	8051919	27186239
1371	8057290	27178674
1372	8062799	27171575
1373	8068410	27164822
1374	8074471	27159584
1375	8080702	27154918
1376	8086649	27149295
1377	8092319	27142742
1378	8097825	27135641
1379	8103580	27129378
1380	8110080	27125607
1381	8116168	27120452
1382	8121654	27113289
1383	8127252	27106500
1384	8133174	27100796
1385	8139593	27096742
1386	8145656	27091503
1387	8151235	27084651
1388	8156785	27077708
1389	8162672	27071885
1390	8168824	27066938
1391	8174363	27059961
1392	8179849	27052810
1393	8185483	27046151
1394	8191499	27040757
1395	8197263	27034528
1396	8203077	27028464
1397	8208901	27022435
1398	8214695	27016305
1399	8220471	27010121
1400	8226125	27003533
1401	8231877	26997271
1402	8237403	26990265
1403	8242982	26983439
1404	8249143	26978517
1405	8255474	26974144
1406	8261523	26968854
1407	8267858	26964494
1408	8273646	26958348
1409	8279435	26952203
1410	8285367	26946529
1411	8291305	26940871
1412	8296982	26934365
1413	8302527	26927433
1414	8308506	26921911
1415	8314594	26916736
1416	8320768	26911842
1417	8326792	26906462
1418	8332771	26900934
1419	8338783	26895513
1420	8344943	26890567
1421	8351338	26886375
1422	8357445	26881256
1423	8363371	26875553
1424	8369002	26868903
1425	8375665	26865565
1426	8381791	26860500
1427	8387528	26854188
1428	8393352	26848156
1429	8399097	26841870
1430	8405289	26837013
1431	8411107	26830962
1432	8417063	26825351
1433	8422557	26818267
1434	8428238	26811783
1435	8434652	26807629
1436	8441396	26804517
1437	8447813	26800366
1438	8453735	26794640
1439	8459308	26787809
1440	8465335	26782418
1441	8471717	26778146
1442	8477556	26772158
1443	8483112	26765276
1444	8488755	26758672
1445	8494931	26753745
1446	8501288	26749389
1447	8507567	26744784
1448	8514623	26742616
1449	8520880	26737936
1450	8527074	26733053
1451	8533282	26728214
1452	8539226	26722549
1453	8545239	26717097
1454	8551912	26713706
1455	8558330	26709514
1456	8564813	26705523
1457	8570732	26699770
1458	8576216	26692665
1459	8582137	26686922
1460	8588378	26682171
1461	8594663	26677553
1462	8600863	26672671
1463	8606365	26665622
1464	8612213	26659649
1465	8618364	26654614
1466	8624536	26649639
1467	8630427	26643800
1468	8635927	26636751
1469	8641605	26630252
1470	8647505	26624441
1471	8653503	26618928
1472	8659491	26613385
1473	8664974	26606293
1474	8670555	26599501
1475	8676805	26594761
1476	8682867	26589445
1477	8688873	26583956
1478	8694381	26576943
1479	8699916	26570015
1480	8705801	26564157
1481	8711947	26559095
1482	8717934	26553545
1483	8723564	26546910
1484	8729333	26540699
1485	8735522	26535766
1486	8741644	26530627
1487	8747786	26525545
1488	8753621	26519534
1489	8759067	26512343
1490	8765132	26507029
1491	8771341	26502150
1492	8777392	26496788
1493	8782909	26489819
1494	8788505	26483089
1495	8794539	26477676
1496	8800207	26471165
1497	8805891	26464701
1498	8811209	26457142
1499	8816584	26449753
1500	8822303	26443400
1501	8828020	26437041
1502	8833710	26430602
1503	8839728	26425145
1504	8845555	26419118
1505	8851744	26414169
1506	8857441	26407755
1507	8863245	26401656
1508	8868959	26395291
1509	8874659	26388887
1510	8880116	26381761
1511	8885799	26375309
1512	8891421	26368677
1513	8897178	26362445
1514	8902861	26355997
1515	8908555	26349579
1516	8914401	26343613
1517	8920060	26337094
1518	8926040	26331526
1519	8931797	26325298
1520	8937420	26318676
1521	8943061	26312107
1522	8948703	26305544
1523	8954522	26299501
1524	8960354	26293498
1525	8966014	26286991
1526	8972412	26282646
1527	8978150	26276365
1528	8984193	26270980
1529	8990181	26265432
1530	8996069	26259592
1531	9002211	26254491
1532	9008693	26250382
1533	9015589	26247472
1534	9021932	26242950
1535	9027903	26237343
1536	9033934	26231911
1537	9040144	26226999
1538	9046011	26221088
1539	9052013	26215570
1540	9058047	26210145
1541	9063960	26204369
1542	9069885	26198625
1543	9075904	26193154
1544	9082060	26188077
1545	9088213	26182991
1546	9095073	26179936
1547	9101414	26175386
1548	9107729	26170756
1549	9113657	26165016
1550	9119520	26159087
1551	9125358	26153089
1552	9131309	26147413
1553	9137027	26141069
1554	9142590	26134285
1555	9148180	26127581
1556	9154153	26121968
1557	9160399	26117134
1558	9166086	26110704
1559	9172043	26105046
1560	9177750	26098676
1561	9183405	26092160
1562	9189410	26086636
1563	9195390	26081044
1564	9200856	26073993
1565	9206227	26066674
1566	9212570	26062109
1567	9219151	26058214
1568	9225194	26052795
1569	9231200	26047274
1570	9237106	26041466
1571	9243457	26036916
1572	9249495	26031478
1573	9255790	26026764
1574	9262283	26022607
1575	9268733	26018323
1576	9275270	26014279
1577	9281474	26009302
1578	9287649	26004241
1579	9294249	26000370
1580	9300607	25995815
1581	9307386	25992436
1582	9313769	25987947
1583	9319814	25982514
1584	9325647	25976488
1585	9332209	25972491
1586	9338349	25967318
1587	9344417	25961944
1588	9350608	25956913
1589	9356261	25950384
1590	9362226	25944723
1591	9368471	25939838
1592	9374695	25934893
1593	9380263	25928131
1594	9385927	25921637
1595	9392409	25917401
1596	9399441	25914677
1597	9406126	25910993
1598	9412563	25906624
1599	9419382	25903300
1600	9426012	25899455
1601	9432552	25895359
1602	9439194	25891539
1603	9446159	25888601
1604	9453271	25886062
1605	9459253	25880422
1606	9464853	25873741
1607	9470679	25867676
1608	9476406	25861343
1609	9482145	25855042
1610	9488052	25849201
1611	9493784	25842882
1612	9499790	25837310
1613	9505350	25830525
1614	9511317	25824846
1615	9517255	25819090
1616	9522956	25812687
1617	9529012	25807251
1618	9534777	25801026
1619	9540226	25793944
1620	9546018	25787794
1621	9551574	25781006
1622	9557265	25774585
1623	9562792	25767722
1624	9568313	25760844
1625	9573888	25754112
1626	9579501	25747485
1627	9585202	25741097
1628	9590819	25734481
1629	9596716	25728621
1630	9602340	25722025
1631	9607876	25715199
1632	9613650	25709009
1633	9619439	25702858
1634	9625020	25696155
1635	9630926	25690319
1636	9637153	25685339
1637	9643092	25679590
1638	9649331	25674638
1639	9654937	25668005
1640	9660418	25661038
1641	9666000	25654341
1642	9671676	25647897
1643	9677496	25641834
1644	9683111	25635229
1645	9688952	25629222
1646	9694761	25623130
1647	9700472	25616783
1648	9706231	25610560
1649	9712039	25604467
1650	9717891	25598491
1651	9723606	25592154
1652	9729295	25585752
1653	9735043	25579502
1654	9740745	25573134
1655	9746319	25566433
1656	9752236	25560629
1657	9758192	25554929
1658	9763859	25548470
1659	9769430	25541763
1660	9775189	25535549
1661	9780578	25528368
1662	9786383	25522277
1663	9791968	25515609
1664	9797547	25508930
1665	9803003	25501931
1666	9808645	25495418
1667	9814447	25489319
1668	9820106	25482854
1669	9826028	25477067
1670	9831742	25470743
1671	9837554	25464674
1672	9843026	25457726
1673	9849131	25452413
1674	9855173	25446940
1675	9861164	25441334
1676	9867026	25435394
1677	9872885	25429446
1678	9878600	25423129
1679	9884331	25416852
1680	9890075	25410610
1681	9896293	25405585
1682	9901993	25399230
1683	9907906	25393423
1684	9914256	25388734
1685	9920130	25382826
1686	9925893	25376631
1687	9932020	25371371
1688	9937971	25365657
1689	9943832	25359713
1690	9949452	25353157
1691	9955022	25346474
1692	9960690	25340044
1693	9966256	25333354
1694	9971802	25326613
1695	9977691	25320745
1696	9983261	25314069
1697	9988723	25307118
1698	9994245	25300322
1699	9999900	25293867
1700	10005488	25287240
1701	10011083	25280632
1702	10016701	25274084
1703	10022283	25267446
1704	10028027	25261218
1705	10033719	25254860
1706	10039376	25248413
1707	10044980	25241837
1708	10051142	25236659
1709	10057122	25231026
1710	10062735	25224473
1711	10068325	25217861
1712	10074207	25211983
1713	10079950	25205756
1714	10085522	25199105
1715	10091211	25192744
1716	10097218	25187179
1717	10102975	25180989
1718	10108502	25174229
1719	10114246	25168008
1720	10119813	25161350
1721	10125436	25154830
1722	10131243	25148769
1723	10136684	25141800
1724	10142324	25135326
1725	10147917	25128736
1726	10153481	25122076
1727	10159334	25116131
1728	10164933	25109561
1729	10170704	25103415
1730	10176314	25096871
1731	10181925	25090333
1732	10187305	25083228
1733	10192916	25076689
1734	10198755	25070714
1735	10204114	25063563
1736	10209687	25056936
1737	10215384	25050614
1738	10220971	25044025
1739	10226550	25037415
1740	10232625	25032022
1741	10238809	25026893
1742	10244577	25020748
1743	10250527	25015048
1744	10256524	25009462
1745	10262519	25003871
1746	10268127	24997335
1747	10273630	24990548
1748	10279509	24984675
1749	10285208	24978362
1750	10291137	24972611
1751	10296777	24966160
1752	10302323	24959478
1753	10307989	24953092
1754	10313353	24945975
1755	10318663	24938729
1756	10324321	24932324
1757	10330174	24926394
1758	10335817	24919955
1759	10341318	24913175
1760	10346786	24906319
1761	10352523	24900110
1762	10358339	24894091
1763	10363912	24887491
1764	10369388	24880657
1765	10375018	24874194
1766	10380578	24867566
1767	10386211	24861111
1768	10391782	24854511
1769	10397361	24847931
1770	10402864	24841171
1771	10408285	24834215
1772	10414067	24828123
1773	10419862	24822063
1774	10425449	24815506
1775	10431309	24809600
1776	10436960	24803198
1777	10442700	24797009
1778	10448477	24790906
1779	10454240	24784773
1780	10460151	24778989
1781	10466113	24773326
1782	10472314	24768228
1783	10478104	24762157
1784	10484005	24756350
1785	10489750	24750172
1786	10495588	24744217
1787	10501536	24738519
1788	10507308	24732406
1789	10512732	24725475
1790	10518249	24718766
1791	10523786	24712106
1792	10529629	24706162
1793	10535377	24699997
1794	10541083	24693736
1795	10546466	24686717
1796	10551995	24680041
1797	10557528	24673379
1798	10563042	24666671
1799	10568697	24660293
1800	10574298	24653792
1801	10580045	24647629
1802	10585898	24641716
1803	10591500	24635219
1804	10597486	24629615
1805	10603121	24623195
1806	10608809	24616900
1807	10614370	24610310
1808	10620131	24604185
1809	10625760	24597754
1810	10631535	24591664
1811	10637396	24585770
1812	10643108	24579535
1813	10648961	24573623
1814	10655013	24568171
1815	10660760	24562015
1816	10666517	24555885
1817	10672101	24549354
1818	10678065	24543700
1819	10683776	24537465
1820	10689525	24531315
1821	10695311	24525252
1822	10701396	24519875
1823	10707658	24514902
1824	10713431	24508809
1825	10719115	24502512
1826	10725086	24496872
1827	10731479	24492195
1828	10737339	24486300
1829	10742890	24479700
1830	10748678	24473643
1831	10754148	24466861
1832	10759872	24460660
1833	10765547	24454346
1834	10771616	24448927
1835	10777388	24442834
1836	10782784	24435891
1837	10788519	24429716
1838	10794129	24423258
1839	10799747	24416820
1840	10805284	24410200
1841	10810932	24403831
1842	10816431	24397128
1843	10821862	24390271
1844	10827400	24383658
1845	10833351	24377975
1846	10839436	24372592
1847	10845383	24366900
1848	10851241	24361007
1849	10857063	24355034
1850	10862636	24348502
1851	10868395	24342388
1852	10873945	24335807
1853	10879631	24329532
1854	10885218	24323035
1855	10891072	24317135
1856	10896649	24310618
1857	10902286	24304235
1858	10907841	24297670
1859	10913295	24290884
1860	10918648	24283872
1861	10924302	24277531
1862	10930061	24271425
1863	10935497	24264602
1864	10941184	24258335
1865	10946611	24251496
1866	10952145	24244893
1867	10957911	24238806
1868	10963403	24232113
1869	10968914	24225463
1870	10974518	24219019
1871	10979909	24212108
1872	10985540	24205727
1873	10991180	24199364
1874	10996783	24192922
1875	11002258	24186201
1876	11007841	24179718
1877	11013646	24173722
1878	11019305	24167407
1879	11024764	24160654
1880	11030287	24154043
1881	11035725	24147245
1882	11041391	24140949
1883	11047008	24134546
1884	11052449	24127761
1885	11058640	24122613
1886	11064248	24116191
1887	11070054	24110204
1888	11075703	24103874
1889	11081452	24097761
1890	11087078	24091382
1891	11092746	24085097
1892	11098492	24078979
1893	11104027	24072405
1894	11109746	24066231
1895	11115295	24059690
1896	11120970	24053422
1897	11126622	24047106
1898	11132547	24041377
1899	11138478	24035665
1900	11144441	24030018
1901	11150140	24023804
1902	11155721	24017336
1903	11161215	24010681
1904	11166647	24003896
1905	11172213	23997398
1906	11178131	23991657
1907	11183726	23985224
1908	11189504	23979185
1909	11195038	23972621
1910	11200650	23966226
1911	11206238	23959782
1912	11212009	23953728
1913	11217713	23947532
1914	11223187	23940846
1915	11228645	23934126
1916	11234180	23927574
1917	11239965	23921553
1918	11245583	23915178
1919	11251331	23909079
1920	11256645	23902058
1921	11262205	23895563
1922	11267770	23889080
1923	11273244	23882403
1924	11278761	23875820
1925	11284478	23869659
1926	11289899	23862875
1927	11295686	23856864
1928	11301273	23850432
1929	11306763	23843795
1930	11312483	23837646
1931	11317976	23831018
1932	11323740	23824962
1933	11329417	23818723
1934	11335341	23813005
1935	11340981	23806687
1936	11346497	23800113
1937	11352243	23794022
1938	11357955	23787857
1939	11363847	23782072
1940	11370009	23776851
1941	11375744	23770737
1942	11381583	23764840
1943	11387492	23759089
1944	11393318	23753164
1945	11398800	23746524
1946	11404434	23740202
1947	11410209	23734173
1948	11416122	23728431
1949	11421617	23721821
1950	11427328	23715661
1951	11433530	23710517
1952	11439759	23705431
1953	11445572	23699481
1954	11451347	23693452
1955	11457178	23687541
1956	11462566	23680713
1957	11467932	23673842
1958	11473622	23667641
1959	11479363	23661545
1960	11485143	23655530
1961	11490959	23649589
1962	11496358	23642790
1963	11501764	23636009
1964	11507513	23629931
1965	11513114	23623552
1966	11518714	23617171
1967	11524475	23611120
1968	11529996	23604578
1969	11535641	23598292
1970	11541292	23592017
1971	11546971	23585802
1972	11552743	23579775
1973	11558411	23573537
1974	11563790	23566712
1975	11569432	23560423
1976	11575225	23554442
1977	11580980	23548383
1978	11586618	23542088
1979	11592254	23535789
1980	11597740	23529187
1981	11603402	23522941
1982	11609184	23516941
1983	11614848	23510700
1984	11620339	23504112
1985	11625538	23496934
1986	11631164	23490619
1987	11636694	23484113
1988	11642405	23477973
1989	11647926	23471450
1990	11653426	23464885
1991	11659008	23458487
1992	11664634	23452177
1993	11670494	23446340
1994	11675983	23439756
1995	11681431	23433091
1996	11686880	23426430
1997	11692551	23420215
1998	11697998	23413552
1999	11703290	23406581
2000	11708952	23400349
2001	11714505	23393902
2002	11720168	23387674
2003	11725688	23381162
2004	11731533	23375300
2005	11737371	23369422
2006	11742859	23362848
2007	11748521	23356623
2008	11754183	23350396
2009	11760098	23344672
2010	11766222	23339363
2011	11771890	23333150
2012	11777446	23326715
2013	11782912	23320102
2014	11788552	23313836
2015	11794488	23308155
2016	11800213	23302056
2017	11806104	23296288
2018	11812360	23291236
2019	11818415	23285788
2020	11824116	23279643
2021	11829778	23273421
2022	11835269	23266864
2023	11840898	23260579
2024	11846810	23254850
2025	11853121	23249903
2026	11859087	23244278
2027	11865006	23238562
2028	11870915	23232826
2029	11876813	23227068
2030	11882610	23221113
2031	11888564	23215464
2032	11894630	23210034
2033	11900593	23204401
2034	11906476	23198614
2035	11912548	23193192
2036	11918626	23187785
2037	11924323	23181633
2038	11929943	23175334
2039	11935651	23169205
2040	11941213	23162794
2041	11946695	23156230
2042	11952114	23149544
2043	11957510	23142813
2044	11963190	23136634
2045	11968813	23130347
2046	11974771	23124705
2047	11980465	23118554
2048	11985856	23111820
2049	11991800	23106152
2050	11997331	23099688
2051	12003094	23093673
2052	12008576	23087117
2053	12014054	23080554
2054	12019741	23074394
2055	12025670	23068699
2056	12031823	23063432
2057	12037793	23057814
2058	12043855	23052371
2059	12049933	23046959
2060	12055686	23040925
2061	12061412	23034841
2062	12066959	23028414
2063	12072482	23021943
2064	12077935	23015339
2065	12083500	23008950
2066	12089318	23003042
2067	12095462	22997755
2068	12101043	22991398
2069	12106520	22984843
2070	12112050	22978390
2071	12117830	22972413
2072	12123480	22966187
2073	12129042	22959797
2074	12134448	22953114
2075	12139939	22946590
2076	12145486	22940174
2077	12151207	22934087
2078	12156782	22927727
2079	12162393	22921433
2080	12167859	22914868
2081	12173477	22908589
2082	12179035	22902199
2083	12184421	22895486
2084	12190064	22889257
2085	12195752	22883114
2086	12201243	22876601
2087	12206979	22870546
2088	12212793	22864641
2089	12218332	22858219
2090	12224149	22852320
2091	12229776	22846064
2092	12235491	22839973
2093	12241027	22833549
2094	12246781	22827532
2095	12252397	22821259
2096	12257878	22814734
2097	12263451	22808383
2098	12269265	22802479
2099	12274719	22795907
2100	12280242	22789463
2101	12285730	22782958
2102	12291398	22776785
2103	12297009	22770507
2104	12302690	22764360
2105	12308334	22758145
2106	12313784	22751573
2107	12319244	22745019
2108	12324857	22738748
2109	12330900	22733271
2110	12336573	22727112
2111	12341998	22720497
2112	12347405	22713849
2113	12352940	22707439
2114	12358527	22701125
2115	12363952	22694514
2116	12369541	22688205
2117	12374978	22681618
2118	12380352	22674916
2119	12385981	22668682
2120	12391760	22662725
2121	12397255	22656247
2122	12402644	22649576
2123	12408168	22643155
2124	12413860	22637040
2125	12419370	22630593
2126	12425109	22624565
2127	12430719	22618301
2128	12436450	22612258
2129	12442102	22606073
2130	12447725	22599835
2131	12453407	22593706
2132	12458985	22587387
2133	12464950	22581770
2134	12471688	22577554
2135	12477499	22571656
2136	12483943	22566904
2137	12489781	22561055
2138	12496001	22555895
2139	12501792	22549961
2140	12507551	22543970
2141	12513424	22538185
2142	12519151	22532135
2143	12524719	22525801
2144	12530354	22519587
2145	12535819	22513069
2146	12541462	22506871
2147	12547004	22500493
2148	12552497	22494027
2149	12557856	22487324
2150	12563456	22481053
2151	12569298	22475214
2152	12574984	22469097
2153	12580503	22462682
2154	12585878	22456011
2155	12591438	22449670
2156	12597113	22443536
2157	12602643	22437144
2158	12608317	22431008
2159	12613832	22424590
2160	12619337	22418156
2161	12624965	22411942
2162	12631144	22406705
2163	12637374	22401556
2164	12643464	22396160
2165	12648853	22389521
2166	12654222	22382849
2167	12659787	22376524
2168	12665436	22370349
2169	12671149	22364287
2170	12676596	22357755
2171	12682086	22351302
2172	12687596	22344884
2173	12693297	22338801
2174	12698772	22332324
2175	12704305	22325948
2176	12709922	22319722
2177	12715628	22313651
2178	12721318	22307552
2179	12726817	22301121
2180	12732766	22295477
2181	12739457	22291131
2182	12745872	22286300
2183	12752682	22282159
2184	12758930	22277034
2185	12764688	22271052
2186	12770122	22264506
2187	12775669	22258159
2188	12784509	22257544
2189	12794242	22258476
2190	12801214	22254598
2191	12807438	22249418
2192	12815302	22247084
2193	12822569	22243709
2194	12829902	22240445
2195	12836688	22236230
2196	12843704	22232411
2197	12851160	22229350
2198	12857864	22224985
2199	12864656	22220771
2200	12871321	22216333
2201	12877790	22211557
2202	12884409	22207037
2203	12891136	22202701
2204	12897163	22197158
2205	12903692	22192479
2206	12910478	22188240
2207	12916841	22183271
2208	12922993	22177940
2209	12929553	22173306
2210	12936007	22168489
2211	12942603	22163915
2212	12949365	22159623
2213	12956335	22155685
2214	12964122	22153139
2215	12971243	22149452
2216	12977700	22144628
2217	12984030	22139586
2218	12990538	22134847
2219	12996834	22129744
2220	13002921	22124287
2221	13009448	22119574
2222	13016155	22115169
2223	13022331	22109857
2224	13028788	22105023
2225	13036272	22101928
2226	13043171	22097838
2227	13049605	22092957
2228	13056100	22088180
2229	13062515	22083265
2230	13069162	22078742
2231	13075603	22073867
2232	13082025	22068961
2233	13088518	22064172
2234	13094817	22059054
2235	13101215	22054102
2236	13107694	22049286
2237	13114310	22044699
2238	13120596	22039555
2239	13126949	22034522
2240	13133240	22029384
2241	13139450	22024110
2242	13145724	22018942
2243	13151873	22013564
2244	13158062	22008252
2245	13164307	22003031
2246	13170755	21998150
2247	13177157	21993191
2248	13183577	21988260
2249	13189921	21983202
2250	13196071	21977819
2251	13202245	21972476
2252	13208437	21967161
2253	13214658	21961894
2254	13220448	21955911
2255	13226405	21950204
2256	13233651	21946635
2257	13241548	21944142
2258	13249079	21941039
2259	13256202	21937254
2260	13263366	21933537
2261	13270553	21929853
2262	13277625	21925976
2263	13285436	21923317
2264	13293416	21920932
2265	13301044	21917961
2266	13307497	21913052
2267	13314043	21908293
2268	13320668	21903664
2269	13327301	21899045
2270	13334361	21895127
2271	13340646	21889934
2272	13347049	21884933
2273	13354007	21880840
2274	13360257	21875585
2275	13366595	21870474
2276	13372771	21865098
2277	13379301	21860298
2278	13385782	21855417
2279	13392223	21850469
2280	13398480	21845221
2281	13404724	21839950
2282	13411652	21835791
2283	13417780	21830329
2284	13423861	21824789
2285	13429792	21819006
2286	13435679	21813151
2287	13441726	21807556
2288	13447911	21802183
2289	13453752	21796254
2290	13459730	21790545
2291	13465847	21785062
2292	13472128	21779842
2293	13478033	21774015
2294	13484534	21769151
2295	13490722	21763779
2296	13496920	21758422
2297	13502933	21752766
2298	13508975	21747158
2299	13514954	21741447
2300	13520961	21735783
2301	13527038	21730230
2302	13533499	21725292
2303	13539685	21719912
2304	13545626	21714138
2305	13551785	21708714
2306	13557920	21703250
2307	13564104	21697866
2308	13570109	21692193
2309	13576078	21686463
2310	13581743	21680248
2311	13587830	21674704
2312	13593841	21669041
2313	13599836	21663352
2314	13606110	21658106
2315	13612029	21652295
2316	13618307	21647054
2317	13624749	21642074
2318	13631535	21637637
2319	13638015	21632714
2320	13644549	21627874
2321	13651242	21623286
2322	13657699	21618322
2323	13663941	21613015
2324	13670433	21608105
2325	13676753	21602920
2326	13683107	21597789
2327	13689290	21592385
2328	13695643	21587250
2329	13701390	21581159
2330	13707091	21574996
2331	13712955	21569091
2332	13718619	21562871
2333	13724211	21556537
2334	13729628	21549930
2335	13735040	21543317
2336	13740576	21536898
2337	13746175	21530579
2338	13751787	21524280
2339	13757378	21517950
2340	13762812	21511376
2341	13768480	21505167
2342	13774199	21499038
2343	13779730	21492616
2344	13785214	21486122
2345	13790767	21479737
2346	13796131	21473058
2347	13801844	21466923
2348	13807579	21460823
2349	13813589	21455149
2350	13819781	21449758
2351	13825908	21444265
2352	13832383	21439312
2353	13838907	21434433
2354	13845302	21429353
2355	13851648	21424195
2356	13857538	21418333
2357	13863497	21412577
2358	13869305	21406587
2359	13875135	21400633
2360	13880988	21394713
2361	13886906	21388893
2362	13892736	21382938
2363	13898890	21377482
2364	13904713	21371514
2365	13910379	21365308
2366	13916199	21359337
2367	13922027	21353380
2368	13927948	21347565
2369	13933978	21341916
2370	13939510	21335505
2371	13945587	21329928
2372	13951546	21324171
2373	13957426	21318294
2374	13963160	21312191
2375	13968909	21306114
2376	13974670	21300055
2377	13980281	21293767
2378	13986083	21287772
2379	13991769	21281598
2380	13997358	21275279
2381	14002931	21268935
2382	14008836	21263098
2383	14014679	21257165
2384	14020363	21250991
2385	14025869	21244548
2386	14031602	21238449
2387	14037315	21232320
2388	14042858	21225935
2389	14048712	21220021
2390	14054259	21213643
2391	14059713	21207126
2392	14065147	21200579
2393	14070831	21194410
2394	14076341	21187979
2395	14081968	21181725
2396	14087538	21175386
2397	14093023	21168919
2398	14098553	21162522
2399	14104303	21156455
2400	14110093	21150448
2401	14115913	21144486
2402	14121360	21137967
2403	14126879	21131555
2404	14132344	21125063
2405	14137979	21118827
2406	14144213	21113485
2407	14149869	21107279
2408	14155702	21101339
2409	14161379	21095166
2410	14167754	21090034
2411	14173481	21083935
2412	14178799	21077229
2413	14184319	21070824
2414	14190002	21064662
2415	14195903	21058823
2416	14201851	21053055
2417	14207587	21046972
2418	14213336	21040909
2419	14218921	21034602
2420	14224632	21028484
2421	14230557	21022682
2422	14236563	21016998
2423	14242292	21010906
2424	14248225	21005115
2425	14254134	20999290
2426	14260167	20993646
2427	14266123	20987888
2428	14272010	20982029
2429	14277698	20975877
2430	14283289	20969585
2431	14289216	20963784
2432	14294988	20957757
2433	14300712	20951660
2434	14306438	20945566
2435	14312565	20940058
2436	14318572	20934375
2437	14324228	20928179
2438	14329850	20921933
2439	14335440	20915643
2440	14341055	20909388
2441	14346624	20903066
2442	14352681	20897457
2443	14358311	20891225
2444	14363945	20885000
2445	14369583	20878782
2446	14375424	20872857
2447	14381072	20866654
2448	14386581	20860249
2449	14392270	20854106
2450	14397830	20847776
2451	14403669	20841850
2452	14409505	20835922
2453	14415219	20829816
2454	14420869	20823617
2455	14426886	20817950
2456	14433223	20812743
2457	14439494	20807440
2458	14445550	20801827
2459	14451203	20795633
2460	14456768	20789314
2461	14462381	20783065
2462	14468114	20776987
2463	14473872	20770946
2464	14479551	20764792
2465	14485363	20758830
2466	14491260	20752988
2467	14497141	20747124
2468	14502793	20740933
2469	14508387	20734659
2470	14514074	20728518
2471	14519724	20722325
2472	14525265	20715977
2473	14531033	20709953
2474	14536643	20703704
2475	14542103	20697242
2476	14547720	20691004
2477	14553408	20684868
2478	14559362	20679110
2479	14565136	20673097
2480	14570700	20666786
2481	14576404	20660672
2482	14581988	20654391
2483	14587864	20648523
2484	14593701	20642599
2485	14599329	20636381
2486	14604794	20629933
2487	14610657	20624047
2488	14616742	20618475
2489	14622896	20612999
2490	14628865	20607261
2491	14634833	20601522
2492	14640421	20595249
2493	14646210	20589259
2494	14652063	20583359
2495	14657883	20577413
2496	14663355	20570979
2497	14669086	20564908
2498	14674773	20558776
2499	14680432	20552604
2500	14686020	20546335
2501	14691710	20540208
2502	14697077	20533631
2503	14702693	20527402
2504	14708336	20521211
2505	14714009	20515064
2506	14719458	20508602
2507	14725216	20502574
2508	14730950	20496512
2509	14736584	20490310
2510	14742219	20484110
2511	14747966	20478068
2512	14753413	20471608
2513	14758985	20465323
2514	14764747	20459302
2515	14770404	20453135
2516	14775998	20446882
2517	14781391	20440350
2518	14786950	20434050
2519	14792544	20427799
2520	14798338	20421823
2521	14803905	20415536
2522	14809495	20409281
2523	14815070	20403005
2524	14820622	20396697
2525	14826378	20390672
2526	14832072	20384561
2527	14837856	20378575
2528	14843371	20372218
2529	14849142	20366215
2530	14854919	20360219
2531	14860421	20353847
2532	14866087	20347700
2533	14871705	20341488
2534	14877121	20334999
2535	14882662	20328683
2536	14888348	20322565
2537	14894007	20316412
2538	14899545	20310093
2539	14904884	20303504
2540	14910508	20297304
2541	14916062	20291008
2542	14922048	20285301
2543	14927606	20279012
2544	14933223	20272804
2545	14938959	20266758
2546	14944575	20260548
2547	14950298	20254485
2548	14956073	20248493
2549	14961704	20242306
2550	14967330	20236112
2551	14972900	20229843
2552	14978520	20223642
2553	14984012	20217269
2554	14989582	20211002
2555	14994977	20204499
2556	15000316	20197923
2557	15005765	20191495
2558	15011477	20185421
2559	15016955	20179033
2560	15022451	20172670
2561	15028475	20167017
2562	15034473	20161328
2563	15040634	20155858
2564	15046284	20149703
2565	15051766	20143322
2566	15057390	20137133
2567	15063027	20130962
2568	15068560	20124652
2569	15074292	20118607
2570	15080045	20112593
2571	15085912	20106729
2572	15091645	20100687
2573	15097431	20094717
2574	15103223	20088753
2575	15108830	20082544
2576	15114456	20076361
2577	15120164	20070288
2578	15126129	20064555
2579	15132143	20058887
2580	15137646	20052543
2581	15143288	20046382
2582	15149005	20040322
2583	15154717	20034255
2584	15160284	20027996
2585	15166009	20021947
2586	15171363	20015408
2587	15176883	20009090
2588	15182532	20002942
2589	15188137	19996736
2590	15193956	19990813
2591	15199532	19984571
2592	15205320	19978606
2593	15211051	19972568
2594	15216834	19966598
2595	15222774	19960833
2596	15228372	19954621
2597	15233687	19948038
2598	15238988	19941438
2599	15244514	19935134
2600	15250095	19928902
2601	15255840	19922884
2602	15261232	19916406
2603	15266895	19910283
2604	15272253	19903762
2605	15277611	19897242
2606	15283157	19890967
2607	15288690	19884677
2608	15294254	19878426
2609	15299787	19872137
2610	15305303	19865826
2611	15310992	19859740
2612	15316610	19853562
2613	15322163	19847301
2614	15327921	19841305
2615	15333566	19835164
2616	15339173	19828974
2617	15344813	19822826
2618	15350511	19816753
2619	15355934	19810327
2620	15361476	19804055
2621	15367011	19797775
2622	15372748	19791754
2623	15378248	19785429
2624	15383963	19779381
2625	15389692	19773352
2626	15395319	19767191
2627	15400634	19760631
2628	15406061	19754215
2629	15411587	19747927
2630	15417025	19741528
2631	15423502	19736457
2632	15429472	19730737
2633	15435326	19724870
2634	15440834	19718560
2635	15446721	19712736
2636	15452221	19706417
2637	15457756	19700143
2638	15463336	19693926
2639	15468862	19687642
2640	15474289	19681233
2641	15479731	19674843
2642	15485427	19668778
2643	15491103	19662686
2644	15496898	19656746
2645	15502394	19650428
2646	15508267	19644587
2647	15513992	19638558
2648	15519906	19632769
2649	15525672	19626793
2650	15531258	19620590
2651	15536619	19614103
2652	15542183	19607872
2653	15547778	19601682
2654	15553413	19595543
2655	15559012	19589359
2656	15564474	19583002
2657	15570139	19576902
2658	15575843	19570851
2659	15581364	19564571
2660	15587069	19558521
2661	15592466	19552085
2662	15597679	19545420
2663	15603149	19539078
2664	15608924	19533119
2665	15614363	19526740
2666	15619974	19520574
2667	15625659	19514503
2668	15631757	19508948
2669	15637824	19503354
2670	15643649	19497458
2671	15649441	19491520
2672	15654916	19485187
2673	15660553	19479058
2674	15666044	19472746
2675	15671927	19466923
2676	15678044	19461390
2677	15683675	19455254
2678	15689752	19449671
2679	15695487	19443663
2680	15701485	19437981
2681	15707305	19432080
2682	15713094	19426140
2683	15718710	19419987
2684	15724623	19414199
2685	15730578	19408465
2686	15736310	19402454
2687	15741861	19396221
2688	15747658	19390293
2689	15753177	19384021
2690	15759061	19378199
2691	15764642	19372005
2692	15770294	19365897
2693	15775825	19359643
2694	15781292	19353310
2695	15786935	19347193
2696	15792612	19341119
2697	15798233	19334976
2698	15803661	19328597
2699	15809215	19322374
2700	15814732	19316106
2701	15820314	19309917
2702	15826166	19304059
2703	15831722	19297839
2704	15837399	19291767
2705	15843134	19285766
2706	15848944	19279857
2707	15854835	19274046
2708	15860550	19268022
2709	15866247	19261975
2710	15871920	19255900
2711	15877594	19249826
2712	15883302	19243794
2713	15889054	19237816
2714	15894737	19231754
2715	15900099	19225304
2716	15905951	19219447
2717	15911908	19213717
2718	15917035	19206984
2719	15922052	19200121
2720	15927068	19193258
2721	15931897	19186172
2722	15937059	19179487
2723	15942023	19172566
2724	15947189	19165888
2725	15952127	19158938
2726	15956978	19151884
2727	15962028	19145072
2728	15967043	19138218
2729	15972051	19131357
2730	15977181	19124644
2731	15982299	19117919
2732	15987456	19111240
2733	15992287	19104173
2734	15997325	19097356
2735	16002560	19090773
2736	16007696	19084074
2737	16012871	19077423
2738	16017932	19070638
2739	16023143	19064031
2740	16028274	19057332
2741	16033698	19050981
2742	16038889	19044354
2743	16044033	19037672
2744	16049116	19030919
2745	16054187	19024154
2746	16059480	19017652
2747	16064748	19011121
2748	16069773	19004304
2749	16074743	18997424
2750	16079725	18990559
2751	16085014	18984058
2752	16090290	18977542
2753	16095875	18971390
2754	16101119	18964839
2755	16106194	18958089
2756	16111283	18951357
2757	16116309	18944552
2758	16121897	18938408
2759	16127279	18932023
2760	16132354	18925279
2761	16137267	18918345
2762	16142235	18911478
2763	16147561	18905032
2764	16152881	18898579
2765	16158437	18892403
2766	16163416	18885553
2767	16168466	18878787
2768	16173527	18872035
2769	16178795	18865526
2770	16184036	18858987
2771	16189055	18852189
2772	16193922	18845217
2773	16198787	18838243
2774	16203756	18831392
2775	16208856	18824695
2776	16214525	18818658
2777	16219771	18812132
2778	16225086	18805687
2779	16230711	18799601
2780	16236669	18793900
2781	16242240	18787753
2782	16247693	18781469
2783	16252709	18774681
2784	16257722	18767891
2785	16262962	18761365
2786	16268288	18754937
2787	16273473	18748348
2788	16278907	18742048
2789	16283997	18735352
2790	16289162	18728743
2791	16294510	18722345
2792	16299904	18716002
2793	16305312	18709674
2794	16310690	18703314
2795	16315939	18696806
2796	16321087	18690183
2797	16326100	18683407
2798	16331140	18676663
2799	16336318	18670078
2800	16341369	18663349
2801	16346689	18656928
2802	16351667	18650118
2803	16356781	18643463
2804	16362075	18637016
2805	16367243	18630426
2806	16372351	18623769
2807	16377583	18617252
2808	16382712	18610621
2809	16387751	18603888
2810	16392892	18597272
2811	16398036	18590661
2812	16403296	18584182
2813	16408951	18578151
2814	16414482	18571981
2815	16420062	18565865
2816	16425346	18559417
2817	16430759	18553114
2818	16436066	18546693
2819	16441752	18540700
2820	16447099	18534324
2821	16452552	18528069
2822	16457831	18521618
2823	16463399	18515494
2824	16468818	18509202
2825	16474327	18503013
2826	16479593	18496551
2827	16485522	18490833
2828	16491383	18485039
2829	16496970	18478938
2830	16502368	18472626
2831	16507771	18466321
2832	16513315	18460173
2833	16518928	18454103
2834	16524355	18447825
2835	16530026	18441821
2836	16535062	18435108
2837	16540955	18429352
2838	16547032	18423800
2839	16553292	18418452
2840	16559255	18412773
2841	16565180	18407050
2842	16571235	18401473
2843	16577607	18396248
2844	16583722	18390736
2845	16589704	18385076
2846	16595666	18379394
2847	16600960	18372973
2848	16606376	18366687
2849	16611552	18360136
2850	16616715	18353573
2851	16621975	18347116
2852	16627977	18341480
2853	16634274	18336169
2854	16640810	18331120
2855	16646797	18325465
2856	16652950	18319994
2857	16659013	18314422
2858	16665128	18308908
2859	16670214	18302263
2860	16675135	18295438
2861	16680030	18288586
2862	16685047	18281870
2863	16690261	18275370
2864	16695815	18269242
2865	16701122	18262846
2866	16706465	18256489
2867	16711494	18249791
2868	16716369	18242924
2869	16721601	18236450
2870	16726884	18230032
2871	16732321	18223781
2872	16737188	18216911
2873	16742298	18210307
2874	16747734	18204059
2875	16752939	18197560
2876	16758015	18190921
2877	16763539	18184770
2878	16768540	18178052
2879	16773486	18171276
2880	16778511	18164588
2881	16783759	18158141
2882	16788773	18151441
2883	16793856	18144818
2884	16798898	18138152
2885	16803995	18131546
2886	16808996	18124837
2887	16814232	18118383
2888	16819640	18112115
2889	16825235	18106049
2890	16830686	18099829
2891	16835994	18093454
2892	16841397	18087183
2893	16846406	18080489
2894	16851537	18073928
2895	16856573	18067266
2896	16861674	18060674
2897	16866698	18054002
2898	16872078	18047711
2899	16877291	18041243
2900	16882560	18034834
2901	16887682	18028270
2902	16892608	18021497
2903	16897512	18014703
2904	16903121	18008661
2905	16908219	18002074
2906	16913673	17995869
2907	16918665	17989172
2908	16923710	17982533
2909	16928694	17975830
2910	16933897	17969360
2911	16939286	17963089
2912	16945015	17957178
2913	16950467	17950975
2914	16956254	17945126
2915	16962175	17939420
2916	16967711	17933306
2917	16973466	17927424
2918	16978757	17921052
2919	16984050	17914683
2920	16989465	17908443
2921	16995444	17902799
2922	17001120	17896834
2923	17006438	17890493
2924	17011832	17884234
2925	17016960	17877695
2926	17022251	17871328
2927	17028044	17865489
2928	17034056	17859879
2929	17039324	17853490
2930	17044753	17847270
2931	17050511	17841395
2932	17056235	17835483
2933	17062127	17829749
2934	17067854	17823841
2935	17073141	17817474
2936	17078571	17811257
2937	17084512	17805574
2938	17090375	17799809
2939	17095846	17793635
2940	17101123	17787262
2941	17106251	17780733
2942	17111553	17774386
2943	17116891	17768078
2944	17122567	17762119
2945	17128345	17756268
2946	17133656	17749933
2947	17139098	17743734
2948	17144947	17737956
2949	17150584	17731960
2950	17155709	17725434
2951	17161022	17719104
2952	17166167	17712601
2953	17171792	17706594
2954	17177877	17701061
2955	17183785	17695346
2956	17189334	17689260
2957	17194581	17682866
2958	17200290	17676946
2959	17206155	17671186
2960	17211909	17665313
2961	17217366	17659135
2962	17222631	17652761
2963	17227763	17646252
2964	17233618	17640483
2965	17239832	17635081
2966	17246068	17629702
2967	17251607	17623610
2968	17256811	17617176
2969	17262378	17611113
2970	17268351	17605465
2971	17273705	17599185
2972	17279065	17592913
2973	17284122	17586333
2974	17289571	17580152
2975	17295601	17574563
2976	17301549	17568889
2977	17307332	17563048
2978	17312715	17556801
2979	17317848	17550303
2980	17323599	17544430
2981	17329405	17538613
2982	17335258	17532843
2983	17340566	17526524
2984	17345730	17520059
2985	17351534	17514241
2986	17357147	17508231
2987	17362403	17501860
2988	17367616	17495447
2989	17373018	17489225
2990	17378185	17482768
2991	17383400	17476360
2992	17388782	17470120
2993	17393966	17463681
2994	17399075	17457169
2995	17404397	17450871
2996	17409643	17444497
2997	17415222	17438457
2998	17420917	17432535
2999	17427085	17427085
3000	17432692	17421074
3001	17438164	17414928
3002	17444045	17409192
3003	17449466	17402996
3004	17455050	17396963
3005	17460420	17390717
3006	17465458	17384142
3007	17470799	17377869
3008	17476649	17372103
3009	17482430	17366268
3010	17488271	17360493
3011	17493834	17354441
3012	17499326	17348319
3013	17504952	17342331
3014	17510705	17336469
3015	17516651	17330798
3016	17522112	17324647
3017	17527815	17318735
3018	17533455	17312762
3019	17539777	17307462
3020	17545796	17301863
3021	17551411	17295864
3022	17556751	17289596
3023	17562005	17283243
3024	17567557	17277184
3025	17573385	17271397
3026	17578602	17265010
3027	17583702	17258508
3028	17588995	17252196
3029	17594634	17246225
3030	17600220	17240202
3031	17606118	17234485
3032	17611473	17228236
3033	17616638	17221802
3034	17621953	17215516
3035	17627621	17209575
3036	17633615	17203951
3037	17639175	17197905
3038	17644524	17191654
3039	17649896	17185425
3040	17655459	17179383
3041	17660974	17173294
3042	17666833	17167540
3043	17671951	17161067
3044	17677267	17154786
3045	17682786	17148704
3046	17688395	17142708
3047	17694419	17137114
3048	17699902	17130998
3049	17705021	17124528
3050	17710531	17118438
3051	17716153	17112457
3052	17721967	17106661
3053	17728023	17101099
3054	17733310	17094795
3055	17738656	17088548
3056	17744147	17082441
3057	17750098	17076778
3058	17755883	17070955
3059	17761283	17064762
3060	17766559	17058450
3061	17771892	17052194
3062	17777935	17046619
3063	17783706	17040783
3064	17789347	17034824
3065	17794908	17028786
3066	17800413	17022697
3067	17806128	17016808
3068	17811853	17010929
3069	17817594	17005065
3070	17822923	16998808
3071	17828153	16992458
3072	17833821	16986526
3073	17839612	16980711
3074	17845440	16974931
3075	17850660	16968573
3076	17855864	16962200
3077	17861190	16955944
3078	17867295	16950428
3079	17873125	16944651
3080	17879098	16939009
3081	17884366	16932700
3082	17889934	16926674
3083	17895477	16920627
3084	17901463	16914997
3085	17907618	16909527
3086	17912889	16903222
3087	17918278	16897029
3088	17923594	16890768
3089	17929445	16885012
3090	17935059	16879031
3091	17940716	16873093
3092	17946238	16867027
3093	17951562	16860776
3094	17956919	16854555
3095	17962369	16848424
3096	17967815	16842289
3097	17973064	16835969
3098	17978393	16829725
3099	17983621	16823388
3100	17989102	16817287
3101	17994446	16811059
3102	17999740	16804785
3103	18005097	16798570
3104	18010605	16792496
3105	18016065	16786379
3106	18021434	16780177
3107	18027380	16774512
3108	18033190	16768721
3109	18038967	16762899
3110	18044318	16756681
3111	18049733	16750523
3112	18055203	16744417
3113	18060578	16738224
3114	18065856	16731941
3115	18071240	16725756
3116	18076855	16719786
3117	18082890	16714204
3118	18088770	16708479
3119	18094192	16702331
3120	18099784	16696340
3121	18105377	16690351
3122	18111080	16684463
3123	18116672	16678473
3124	18121956	16672199
3125	18127304	16665986
3126	18132644	16659765
3127	18138151	16653699
3128	18143999	16647945
3129	18149893	16642234
3130	18155173	16635960
3131	18160388	16629627
3132	18165841	16623513
3133	18171350	16617450
3134	18177147	16611651
3135	18182635	16605569
3136	18187978	16599357
3137	18193357	16593176
3138	18199105	16587333
3139	18204782	16581426
3140	18210391	16575456
3141	18215774	16569281
3142	18221099	16563054
3143	18226470	16556870
3144	18231828	16550674
3145	18237345	16544623
3146	18242808	16538522
3147	18248287	16532438
3148	18253689	16526284
3149	18259071	16520112
3150	18264790	16514245
3151	18270186	16508087
3152	18275616	16501959
3153	18280765	16495579
3154	18286249	16489502
3155	18291742	16483433
3156	18297175	16477310
3157	18302553	16471139
3158	18307917	16464955
3159	18313297	16458786
3160	18318824	16452749
3161	18324423	16446778
3162	18329933	16440727
3163	18335120	16434387
3164	18340439	16428166
3165	18346025	16422184
3166	18351356	16415975
3167	18356845	16409906
3168	18362406	16403904
3169	18367808	16397759
3170	18373445	16391824
3171	18378853	16385686
3172	18384520	16379778
3173	18389850	16373571
3174	18395184	16367369
3175	18400386	16361048
3176	18405739	16354864
3177	18411097	16348684
3178	18416422	16342474
3179	18421755	16336273
3180	18427086	16330071
3181	18432476	16323921
3182	18437819	16317730
3183	18443399	16311750
3184	18448750	16305567
3185	18453954	16299255
3186	18459132	16292920
3187	18464488	16286744
3188	18469879	16280599
3189	18475313	16274492
3190	18480694	16268339
3191	18486029	16262145
3192	18491485	16256059
3193	18496976	16250004
3194	18502516	16243993
3195	18508136	16238051
3196	18513511	16231896
3197	18519026	16225864
3198	18524329	16219645
3199	18529734	16213518
3200	18535212	16207454
3201	18540781	16201470
3202	18546224	16195376
3203	18551478	16189118
3204	18556910	16183015
3205	18562278	16176858
3206	18567747	16170788
3207	18572997	16164528
3208	18578231	16158256
3209	18583356	16151889
3210	18588769	16145773
3211	18594247	16139714
3212	18599553	16133506
3213	18604775	16127225
3214	18610338	16121242
3215	18615610	16115006
3216	18621053	16108918
3217	18626949	16103223
3218	18632865	16097545
3219	18638554	16091670
3220	18643982	16085571
3221	18649475	16079529
3222	18654661	16073222
3223	18659979	16067029
3224	18665371	16060901
3225	18670814	16054816
3226	18676068	16048571
3227	18681514	16042489
3228	18687194	16036610
3229	18692694	16030577
3230	18698046	16024417
3231	18703339	16018206
3232	18708995	16012307
3233	18714559	16006330
3234	18720443	16000626
3235	18725673	15994364
3236	18730977	15988164
3237	18736367	15982040
3238	18741830	15975978
3239	18747565	15970148
3240	18753072	15964124
3241	18758294	15957858
3242	18763678	15951730
3243	18769487	15945963
3244	18774942	15939897
3245	18780534	15933946
3246	18786063	15927943
3247	18791763	15922085
3248	18797324	15916109
3249	18803410	15910577
3250	18809929	15905412
3251	18815753	15899658
3252	18821368	15893728
3253	18827110	15887905
3254	18833062	15882260
3255	18838998	15876601
3256	18844943	15870948
3257	18850948	15865347
3258	18856922	15859719
3259	18863099	15854261
3260	18869126	15848677
3261	18875236	15843162
3262	18880854	15837235
3263	18886612	15831425
3264	18892481	15825708
3265	18898313	15819960
3266	18904165	15814228
3267	18909667	15808204
3268	18915070	15802097
3269	18920524	15796034
3270	18926332	15790266
3271	18931828	15784238
3272	18937193	15778101
3273	18942508	15771923
3274	18947938	15765841
3275	18953380	15759770
3276	18959103	15753933
3277	18964501	15747825
3278	18970105	15741890
3279	18975721	15735964
3280	18981393	15730084
3281	18987043	15724187
3282	18992503	15718133
3283	18997956	15712073
3284	19003324	15705943
3285	19008918	15700001
3286	19014463	15694019
3287	19020024	15688049
3288	19025316	15681858
3289	19031352	15676281
3290	19036900	15670301
3291	19042597	15664445
3292	19048306	15658598
3293	19053817	15652589
3294	19059527	15646744
3295	19065362	15641001
3296	19071199	15635259
3297	19077015	15629501
3298	19082765	15623689
3299	19088363	15617752
3300	19094066	15611900
3301	19099655	15605957
3302	19105500	15600222
3303	19111225	15594389
3304	19116862	15588485
3305	19122241	15582370
3306	19127849	15576443
3307	19133517	15570564
3308	19139202	15564700
3309	19145174	15559069
3310	19151017	15553333
3311	19156601	15547387
3312	19162259	15541500
3313	19168485	15536075
3314	19174086	15530142
3315	19179483	15524044
3316	19184873	15517942
3317	19190419	15511966
3318	19195717	15505790
3319	19201265	15499816
3320	19206748	15493791
3321	19212731	15488168
3322	19218642	15482487
3323	19224495	15476759
3324	19230421	15471091
3325	19236673	15465683
3326	19243604	15460821
3327	19249298	15454965
3328	19255028	15449138
3329	19260548	15443142
3330	19266105	15437176
3331	19271605	15431165
3332	19277064	15425121
3333	19283139	15419570
3334	19289230	15414033
3335	19295250	15408437
3336	19300905	15402550
3337	19306495	15396611
3338	19312211	15390773
3339	19317921	15384931
3340	19323445	15378940
3341	19329239	15373165
3342	19334684	15367112
3343	19340323	15361213
3344	19345990	15355337
3345	19351589	15349407
3346	19357186	15343476
3347	19362619	15337415
3348	19368108	15331399
3349	19373614	15325396
3350	19379260	15319505
3351	19384780	15313513
3352	19390422	15307619
3353	19395911	15301604
3354	19401546	15295704
3355	19407168	15289795
3356	19412806	15283898
3357	19418413	15277977
3358	19423715	15271816
3359	19429442	15265990
3360	19435023	15260050
3361	19440515	15254039
3362	19446075	15248082
3363	19451500	15242019
3364	19457166	15236146
3365	19463139	15230514
3366	19469315	15225039
3367	19475267	15219389
3368	19480693	15213328
3369	19486164	15207303
3370	19491869	15201461
3371	19497558	15195605
3372	19503117	15189649
3373	19508808	15183796
3374	19514263	15177760
3375	19519541	15171586
3376	19524972	15165532
3377	19530474	15159533
3378	19535676	15153302
3379	19541191	15147314
3380	19546546	15141202
3381	19551902	15135091
3382	19557295	15129010
3383	19562852	15123056
3384	19568263	15116989
3385	19573670	15110919
3386	19579097	15104866
3387	19584735	15098975
3388	19590205	15092955
3389	19595640	15086908
3390	19600915	15080739
3391	19606198	15074577
3392	19611816	15068672
3393	19617252	15062628
3394	19622859	15056715
3395	19628427	15050772
3396	19633611	15044536
3397	19638832	15038329
3398	19644478	15032447
3399	19650089	15026538
3400	19655445	15020436
3401	19661040	15014516
3402	19666541	15008524
3403	19671987	15002491
3404	19677492	14996503
3405	19683231	14990693
3406	19688906	14984835
3407	19694419	14978853
3408	19700002	14972926
3409	19705565	14966983
3410	19710958	14960912
3411	19716423	14954895
3412	19721888	14948879
3413	19727470	14942951
3414	19733022	14937002
3415	19738420	14930936
3416	19744071	14925061
3417	19749746	14919205
3418	19755288	14913249
3419	19760591	14907112
3420	19766181	14901192
3421	19771712	14895229
3422	19777253	14889273
3423	19782651	14883209
3424	19788197	14877258
3425	19793981	14871485
3426	19799582	14865575
3427	19805147	14859637
3428	19810577	14853600
3429	19815915	14847493
3430	19821305	14841426
3431	19827426	14835906
3432	19833411	14830284
3433	19839279	14824575
3434	19844498	14818380
3435	19849871	14812302
3436	19855384	14806328
3437	19860871	14800335
3438	19866245	14794258
3439	19871483	14788081
3440	19876558	14781782
3441	19881762	14775580
3442	19887243	14769585
3443	19892963	14763767
3444	19898616	14757899
3445	19904300	14752055
3446	19910050	14746259
3447	19915763	14740437
3448	19921337	14734512
3449	19926941	14728608
3450	19932294	14722520
3451	19937697	14716469
3452	19943326	14710585
3453	19949034	14704760
3454	19954543	14698787
3455	19959968	14692754
3456	19965437	14686753
3457	19970619	14680541
3458	19976142	14674581
3459	19981520	14668514
3460	19987050	14662560
3461	19992615	14656631
3462	19998228	14650737
3463	20004071	14645013
3464	20010267	14639546
3465	20015865	14633642
3466	20021429	14627712
3467	20027587	14622217
3468	20033773	14616742
3469	20039387	14610850
3470	20045418	14605261
3471	20051316	14599575
3472	20056957	14593702
3473	20062619	14587845
3474	20068222	14581946
3475	20073936	14576126
3476	20079694	14570339
3477	20085954	14564916
3478	20091537	14559001
3479	20097432	14553313
3480	20103288	14547596
3481	20108907	14541708
3482	20114775	14536000
3483	20120516	14530200
3484	20126710	14524728
3485	20132543	14518994
3486	20138437	14513304
3487	20143904	14507307
3488	20149773	14501599
3489	20155538	14495816
3490	20161331	14490054
3491	20167026	14484221
3492	20172526	14478249
3493	20178225	14472419
3494	20184151	14466752
3495	20189738	14460842
3496	20195624	14455146
3497	20201511	14449451
3498	20207265	14443661
3499	20212947	14437819
3500	20218742	14432058
3501	20225341	14426871
3502	20232010	14421732
3503	20241808	14418822
3504	20249722	14414566
3505	20257325	14410088
3506	20264579	14405359
3507	20271657	14400504
3508	20278601	14395553
3509	20285771	14390760
3510	20292862	14385911
3511	20299543	14380770
3512	20306453	14375789
3513	20312705	14370343
3514	20319101	14364997
3515	20326253	14360185
3516	20332666	14354850
3517	20338698	14349246
3518	20344814	14343701
3519	20350926	14338152
3520	20356891	14332500
3521	20362767	14326785
3522	20369255	14321500
3523	20375743	14316215
3524	20382383	14311035
3525	20388299	14305346
3526	20394264	14299692
3527	20401153	14294685
3528	20408082	14289705
3529	20414246	14284189
3530	20420212	14278534
3531	20426443	14273064
3532	20432998	14267820
3533	20439408	14262473
3534	20445552	14256941
3535	20451274	14251114
3536	20457307	14245504
3537	20463973	14240334
3538	20469879	14234635
3539	20475519	14228751
3540	20481470	14223082
3541	20488000	14217816
3542	20493833	14212065
3543	20499472	14206180
3544	20505346	14200458
3545	20511130	14194674
3546	20516906	14188883
3547	20522433	14182921
3548	20528360	14177236
3549	20533979	14171338
3550	20539480	14165358
3551	20545008	14159397
3552	20550779	14153604
3553	20556495	14147773
3554	20562250	14141969
3555	20567885	14136083
3556	20573165	14129953
3557	20578622	14123945
3558	20584275	14118071
3559	20589938	14112205
3560	20595466	14106246
3561	20601474	14100615
3562	20606446	14094277
3563	20611966	14088313
3564	20617448	14082324
3565	20622976	14076367
3566	20628353	14070306
3567	20633846	14064325
3568	20639447	14058418
3569	20644872	14052392
3570	20650267	14046345
3571	20655460	14040161
3572	20661031	14034235
3573	20666862	14028486
3574	20672269	14022448
3575	20677844	14016525
3576	20683359	14010561
3577	20688645	14004443
3578	20694026	13998390
3579	20699507	13992404
3580	20705370	13986677
3581	20710719	13980603
3582	20716395	13974749
3583	20722079	13968901
3584	20728102	13963282
3585	20733730	13957396
3586	20739343	13951501
3587	20744835	13945525
3588	20750095	13939392
3589	20755488	13933350
3590	20761030	13927407
3591	20766617	13921496
3592	20772172	13915563
3593	20777636	13909569
3594	20783514	13903853
3595	20789007	13897879
3596	20794674	13892021
3597	20800404	13886206
3598	20805955	13880272
3599	20811685	13874456
3600	20817328	13868584
3601	20823028	13862749
3602	20828531	13856783
3603	20834035	13850818
3604	20839329	13844714
3605	20844923	13838809
3606	20850364	13832803
3607	20856000	13826926
3608	20861671	13821074
3609	20867035	13815018
3610	20872478	13809014
3611	20877980	13803050
3612	20883374	13797015
3613	20889049	13791165
3614	20894736	13785324
3615	20900434	13779490
3616	20906181	13773688
3617	20912046	13767964
3618	20917834	13762189
3619	20923377	13756253
3620	20928835	13750262
3621	20934240	13744236
3622	20939939	13738403
3623	20945634	13732568
3624	20951296	13726711
3625	20956704	13720688
3626	20962210	13714730
3627	20967902	13708892
3628	20973557	13703032
3629	20979451	13697327
3630	20985163	13691504
3631	20990683	13685555
3632	20996310	13679677
3633	21001796	13673706
3634	21007295	13667745
3635	21012877	13661837
3636	21018215	13655772
3637	21024023	13650012
3638	21030033	13644382
3639	21036433	13639006
3640	21042426	13633365
3641	21048559	13627815
3642	21054360	13622049
3643	21060029	13616199
3644	21065789	13610407
3645	21071412	13604526
3646	21077077	13598673
3647	21082724	13592808
3648	21088526	13587044
3649	21094375	13581310
3650	21100091	13575490
3651	21105534	13569495
3652	21111103	13563580
3653	21116567	13557599
3654	21122865	13552153
3655	21128728	13546427
3656	21134237	13540475
3657	21139811	13534564
3658	21145659	13528829
3659	21151313	13522970
3660	21156879	13517055
3661	21162581	13511227
3662	21168936	13505816
3663	21174628	13499981
3664	21180183	13494059
3665	21185917	13488252
3666	21191678	13482461
3667	21197133	13476476
3668	21202626	13470515
3669	21208083	13464532
3670	21213491	13458518
3671	21219053	13452602
3672	21224449	13446581
3673	21229891	13440590
3674	21235381	13434628
3675	21241010	13428756
3676	21246501	13422796
3677	21251898	13416777
3678	21257224	13410714
3679	21262645	13404711
3680	21268497	13398980
3681	21274473	13393326
3682	21279783	13387254
3683	21285030	13381142
3684	21290034	13374879
3685	21295034	13368613
3686	21300044	13362354
3687	21305007	13356067
3688	21310437	13350073
3689	21315540	13343875
3690	21320465	13337565
3691	21325659	13331425
3692	21330738	13325213
3693	21335854	13319025
3694	21341156	13312954
3695	21346261	13306760
3696	21351200	13300463
3697	21356191	13294200
3698	21361246	13287977
3699	21366378	13281802
3700	21371593	13275680
3701	21376816	13269563
3702	21382038	13263446
3703	21387449	13257446
3704	21392939	13251497
3705	21398212	13245412
3706	21403509	13239343
3707	21408825	13233287
3708	21414067	13227184
3709	21419295	13221074
3710	21424504	13214952
3711	21429819	13208897
3712	21434991	13202753
3713	21440218	13196645
3714	21445819	13190766
3715	21451169	13184733
3716	21456512	13178697
3717	21461755	13172599
3718	21467013	13166511
3719	21472470	13160546
3720	21477733	13154462
3721	21483152	13148474
3722	21488570	13142486
3723	21494089	13136559
3724	21499486	13130558
3725	21504932	13124588
3726	21510677	13118800
3727	21516002	13112757
3728	21521323	13106710
3729	21526572	13100621
3730	21531855	13094553
3731	21536979	13088389
3732	21542306	13082349
3733	21548005	13076534
3734	21553536	13070618
3735	21558796	13064538
3736	21564521	13058740
3737	21570126	13052869
3738	21575562	13046896
3739	21581066	13040965
3740	21586640	13035076
3741	21592090	13029112
3742	21597806	13023309
3743	21603523	13017507
3744	21609111	13011627
3745	21614489	13005621
3746	21620009	12999701
3747	21625865	12993983
3748	21631731	12988270
3749	21637550	12982530
3750	21643559	12976903
3751	21648826	12970832
3752	21654491	12964999
3753	21659990	12959067
3754	21665595	12953198
3755	21670858	12947126
3756	21676339	12941184
3757	21681577	12935097
3758	21687267	12929280
3759	21692964	12923468
3760	21698555	12917592
3761	21703878	12911557
3762	21709139	12905486
3763	21714475	12899459
3764	21719562	12893286
3765	21724902	12887262
3766	21730315	12881283
3767	21735620	12875239
3768	21741260	12869395
3769	21746758	12863467
3770	21752071	12857429
3771	21757486	12851452
3772	21762870	12845457
3773	21768433	12839569
3774	21773931	12833641
3775	21779606	12827818
3776	21785095	12821886
3777	21790548	12815934
3778	21795969	12809962
3779	21801134	12803840
3780	21806655	12797928
3781	21812080	12791960
3782	21817474	12785974
3783	21822783	12779938
3784	21828117	12773918
3785	21833158	12767726
3786	21838399	12761652
3787	21843520	12755508
3788	21848787	12749451
3789	21853903	12743305
3790	21858681	12736963
3791	21863796	12730818
3792	21868755	12724582
3793	21873739	12718363
3794	21878594	12712068
3795	21883253	12705661
3796	21888029	12699322
3797	21892891	12693034
3798	21897611	12686665
3799	21902665	12680490
3800	21908075	12674521
3801	21912973	12668257
3802	21917674	12661880
3803	21922588	12655626
3804	21927561	12649407
3805	21932352	12643084
3806	21937176	12636781
3807	21942052	12630509
3808	21946933	12624240
3809	21951931	12618039
3810	21956753	12611737
3811	21961422	12605349
3812	21966364	12599118
3813	21971157	12592802
3814	21975933	12586478
3815	21980721	12580161
3816	21985558	12573873
3817	21990262	12567509
3818	21994971	12561150
3819	21999805	12554862
3820	22004568	12548535
3821	22009294	12542188
3822	22014076	12535873
3823	22018756	12529501
3824	22023392	12523105
3825	22028242	12516831
3826	22033066	12510544
3827	22038168	12504415
3828	22043212	12498253
3829	22048060	12491982
3830	22052905	12485709
3831	22057976	12479564
3832	22062956	12473369
3833	22067943	12467179
3834	22072721	12460871
3835	22077737	12454698
3836	22082883	12448599
3837	22087906	12442431
3838	22092868	12436230
3839	22097682	12429946
3840	22102614	12423729
3841	22107384	12417422
3842	22112127	12411100
3843	22117107	12404912
3844	22121988	12398669
3845	22126915	12392453
3846	22131802	12386215
3847	22136730	12380001
3848	22141496	12373696
3849	22146464	12367506
3850	22151406	12361301
3851	22156241	12355038
3852	22161225	12348858
3853	22166314	12342737
3854	22171302	12336561
3855	22176125	12330294
3856	22180976	12324042
3857	22185863	12317811
3858	22190720	12311565
3859	22195582	12305323
3860	22200607	12299171
3861	22205706	12293060
3862	22210701	12286893
3863	22215639	12280694
3864	22220488	12274448
3865	22225499	12268291
3866	22230399	12262074
3867	22235608	12256028
3868	22240820	12249983
3869	22245793	12243808
3870	22250688	12237591
3871	22255552	12231357
3872	22260329	12225076
3873	22265412	12218964
3874	22270393	12212796
3875	22275274	12206574
3876	22280317	12200442
3877	22285470	12194370
3878	22290432	12188194
3879	22295447	12182048
3880	22300365	12175850
3881	22305470	12169754
3882	22310507	12163622
3883	22315480	12157455
3884	22320410	12151266
3885	22325667	12145255
3886	22330742	12139145
3887	22335820	12133038
3888	22340876	12126919
3889	22346170	12120930
3890	22350971	12114674
3891	22355889	12108482
3892	22360766	12102269
3893	22365719	12096097
3894	22370620	12089898
3895	22375526	12083703
3896	22380604	12077600
3897	22385743	12071532
3898	22390926	12065487
3899	22395829	12059292
3900	22401046	12053267
3901	22406462	12047349
3902	22411398	12041174
3903	22416586	12035134
3904	22421831	12029125
3905	22426861	12023002
3906	22431989	12016932
3907	22436925	12010759
3908	22441897	12004606
3909	22446944	11998494
3910	22452197	11992492
3911	22457347	11986437
3912	22462375	11980316
3913	22467532	11974264
3914	22472701	11968220
3915	22477645	11962056
3916	22482844	11956028
3917	22487898	11949924
3918	22492976	11943833
3919	22497912	11937667
3920	22502912	11931536
3921	22508045	11925476
3922	22513188	11919421
3923	22518125	11913258
3924	22523242	11907192
3925	22528222	11901053
3926	22533128	11894875
3927	22538177	11888773
3928	22543223	11882671
3929	22548288	11876579
3930	22553207	11870411
3931	22558173	11864268
3932	22563063	11858086
3933	22568037	11851948
3934	22573157	11845888
3935	22578315	11839848
3936	22583281	11833708
3937	22588382	11827639
3938	22593450	11821554
3939	22598556	11815488
3940	22604038	11809620
3941	22609487	11803735
3942	22614642	11797697
3943	22619902	11791714
3944	22624934	11785612
3945	22630019	11779538
3946	22635077	11773451
3947	22640032	11767311
3948	22645373	11761372
3949	22650465	11755304
3950	22655641	11749281
3951	22660775	11743235
3952	22665934	11737203
3953	22670920	11731083
3954	22676090	11725058
3955	22681276	11719041
3956	22686625	11713109
3957	22691798	11707087
3958	22696719	11700935
3959	22701741	11694836
3960	22706640	11688674
3961	22712022	11682761
3962	22717508	11676902
3963	22722540	11670810
3964	22727643	11664755
3965	22732679	11658666
3966	22737783	11652612
3967	22742892	11646561
3968	22748079	11640551
3969	22753159	11634486
3970	22758182	11628393
3971	22763437	11622419
3972	22768645	11616422
3973	22774133	11610567
3974	22779629	11604716
3975	22785262	11598936
3976	22790945	11593181
3977	22796667	11587446
3978	22802323	11581678
3979	22808113	11575977
3980	22813743	11570195
3981	22819426	11564440
3982	22825471	11558869
3983	22831454	11553266
3984	22837556	11547723
3985	22843131	11541913
3986	22848716	11536109
3987	22854140	11530223
3988	22859759	11524436
3989	22865181	11518550
3990	22870675	11512700
3991	22875885	11506708
3992	22881282	11500810
3993	22886802	11494973
3994	22892132	11489042
3995	22897430	11483095
3996	22902890	11477230
3997	22908445	11471412
3998	22913883	11465536
3999	22919103	11459551
4000	22924315	11453563
4001	22929547	11447585
4002	22934902	11441668
4003	22940263	11435755
4004	22945545	11429803
4005	22950605	11423741
4006	22955565	11417629
4007	22960733	11411621
4008	22966070	11405698
4009	22971484	11399814
4010	22976560	11393761
4011	22981844	11387813
4012	22987008	11381805
4013	22992524	11375972
4014	22997968	11370103
4015	23003484	11364271
4016	23008711	11358296
4017	23013980	11352341
4018	23019375	11346450
4019	23024672	11340510
4020	23029995	11334583
4021	23035156	11328577
4022	23040709	11322764
4023	23047361	11317491
4024	23053529	11311980
4025	23058884	11306069
4026	23064342	11300210
4027	23069614	11294260
4028	23075119	11288424
4029	23083534	11284010
4030	23090320	11278799
4031	23096201	11273146
4032	23102002	11267453
4033	23107624	11261673
4034	23113321	11255929
4035	23119158	11250254
4036	23125020	11244591
4037	23130723	11238851
4038	23136328	11233062
4039	23141981	11227298
4040	23147559	11221497
4041	23152981	11215620
4042	23158522	11209801
4043	23163878	11203893
4044	23169779	11198249
4045	23175488	11192512
4046	23181200	11186776
4047	23186899	11181034
4048	23192299	11175148
4049	23197739	11169282
4050	23203454	11163548
4051	23209024	11157744
4052	23214505	11151898
4053	23220076	11146094
4054	23225954	11140439
4055	23231887	11134809
4056	23237790	11129166
4057	23244192	11123760
4058	23250059	11118099
4059	23255839	11112396
4060	23261660	11106712
4061	23267808	11101185
4062	23273809	11095586
4063	23279590	11089883
4064	23285613	11084295
4065	23291453	11078620
4066	23297320	11072957
4067	23303141	11067273
4068	23308402	11061323
4069	23313460	11055277
4070	23318614	11049277
4071	23323861	11043321
4072	23329083	11037354
4073	23334336	11031401
4074	23339717	11025510
4075	23344850	11019502
4076	23350073	11013537
4077	23355274	11007561
4078	23360586	11001639
4079	23365913	10995724
4080	23371072	10989729
4081	23376693	10983953
4082	23382056	10978056
4083	23387514	10972203
4084	23392890	10966312
4085	23398084	10960336
4086	23403187	10954318
4087	23408466	10948382
4088	23413633	10942395
4089	23419000	10936501
4090	23424868	10930842
4091	23430328	10924992
4092	23435983	10919232
4093	23441400	10913363
4094	23446791	10907481
4095	23452008	10901519
4096	23457495	10895682
4097	23462863	10889791
4098	23468452	10884002
4099	23473871	10878135
4100	23479296	10872271
4101	23484743	10866417
4102	23489952	10860453
4103	23495196	10854506
4104	23500428	10848553
4105	23506022	10842768
4106	23511274	10836825
4107	23516376	10830814
4108	23521677	10824894
4109	23527260	10819105
4110	23532754	10813274
4111	23538285	10807462
4112	23544326	10801882
4113	23550043	10796154
4114	23555612	10790359
4115	23561094	10784524
4116	23566809	10778795
4117	23572597	10773100
4118	23578055	10767254
4119	23583633	10761464
4120	23589631	10755864
4121	23595206	10750072
4122	23600777	10744278
4123	23606416	10738515
4124	23611669	10732576
4125	23617249	10726787
4126	23622684	10720932
4127	23628334	10715175
4128	23634003	10709426
4129	23639457	10703579
4130	23645188	10697859
4131	23651186	10692259
4132	23657286	10686705
4133	23663263	10681095
4134	23669133	10675437
4135	23674677	10669632
4136	23680606	10664000
4137	23686511	10658357
4138	23692187	10652611
4139	23697802	10646839
4140	23703432	10641072
4141	23709106	10635326
4142	23714717	10629551
4143	23720536	10623869
4144	23726602	10618298
4145	23732309	10612566
4146	23737974	10606816
4147	23743608	10601051
4148	23749324	10595323
4149	23754901	10589534
4150	23760462	10583737
4151	23766356	10578089
4152	23772092	10572370
4153	23777949	10566705
4154	23783632	10560963
4155	23789124	10555136
4156	23795575	10549734
4157	23802421	10544506
4158	23809003	10539162
4159	23815422	10533744
4160	23821952	10528375
4161	23828350	10522947
4162	23835007	10517633
4163	23841812	10512384
4164	23848267	10506979
4165	23853642	10501099
4166	23859147	10495276
4167	23864803	10489520
4168	23870412	10483743
4169	23876015	10477963
4170	23881311	10472049
4171	23886713	10466182
4172	23892399	10460439
4173	23897835	10454587
4174	23903743	10448941
4175	23909220	10443107
4176	23914539	10437204
4177	23920380	10431530
4178	23926024	10425769
4179	23931785	10420059
4180	23937259	10414225
4181	23942975	10408495
4182	23948932	10402871
4183	23954743	10397183
4184	23960687	10391552
4185	23966836	10386010
4186	23972556	10380282
4187	23979067	10374897
4188	23985136	10369320
4189	23991259	10363765
4190	23997489	10358257
4191	24004176	10352946
4192	24010603	10347522
4193	24016248	10341761
4194	24022358	10336199
4195	24028502	10330652
4196	24035320	10325395
4197	24042954	10320487
4198	24050569	10315569
4199	24060823	10311781
4200	24070272	10307646
4201	24079347	10303347
4202	24089027	10299305
4203	24098095	10295000
4204	24107353	10290772
4205	24116579	10286529
4206	24125842	10282299
4207	24134785	10277931
4208	24144420	10273855
4209	24153584	10269576
4210	24163072	10265432
4211	24172825	10261398
4212	24182074	10257148
4213	24191892	10253137
4214	24201799	10249160
4215	24211587	10245131
4216	24220945	10240916
4217	24220945	10240916
4218	24227675	10229845
4219	24233915	10224311
4220	24240513	10218927
4221	24247583	10213741
4222	24255584	10208946
4223	24263680	10204190
4224	24271569	10199345
4225	24279516	10194523
4226	24287540	10189732
4227	24295894	10185077
4228	24304222	10180411
4229	24313054	10175953
4230	24321398	10171289
4231	24329221	10166406
4232	24337277	10161618
4233	24346165	10157176
4234	24353577	10152117
4235	24361286	10147180
4236	24369696	10142534
4237	24377686	10137711
4238	24385564	10132840
4239	24392876	10127733
4240	24400630	10122808
4241	24408357	10117871
4242	24415538	10112706
4243	24422549	10107470
4244	24429628	10102261
4245	24436697	10097047
4246	24443633	10091777
4247	24450576	10086510
4248	24457591	10081271
4249	24464591	10076026
4250	24471524	10070751
4251	24478585	10065530
4252	24485688	10060324
4253	24492506	10055000
4254	24499628	10049800
4255	24506679	10044570
4256	24513642	10039304
4257	24520641	10034051
4258	24527395	10028697
4259	24534242	10023381
4260	24541270	10018138
4261	24548218	10012861
4262	24554977	10007507
4263	24561787	10002172
4264	24568638	9996854
4265	24575434	9991513
4266	24582344	9986217
4267	24613397	9990720
4268	24621483	9985892
4269	24629475	9981024
4270	24638562	9976598
4271	24658988	9976757
4272	24679492	9976938
4273	24691732	9973772
4274	24703425	9970380
4275	24714755	9966839
4276	24725821	9963187
4277	24737417	9959745
4278	24748474	9956083
4279	24758278	9951913
4280	24769466	9948297
4281	24780435	9944589
4282	24791103	9940757
4283	24804436	9937990
4284	24815830	9934442
4285	24828691	9931476
4286	24838982	9927479
4287	24850367	9923916
4288	24860667	9919916
4289	24871229	9916018
4290	24881310	9911925
4291	24892017	9908078
4292	24902859	9904282
4293	24913393	9900360
4294	24924345	9896601
4295	24934281	9892436
4296	24944545	9888398
4297	24955803	9884751
4298	24968119	9881519
4299	24980317	9878236
4300	24990668	9874219
4301	25000802	9870114
4302	25010954	9866013
4303	25021329	9861997
4304	25032337	9858227
4305	25042599	9854161
4306	25053133	9850198
4307	25062645	9845831
4308	25072751	9841695
4309	25082670	9837482
4310	25093182	9833499
4311	25103965	9829620
4312	25114302	9825563
4313	25125049	9821663
4314	25135247	9817545
4315	25145206	9813331
4316	25155498	9809245
4317	25165608	9805085
4318	25175642	9800892
4319	25185834	9796759
4320	25196240	9792705
4321	25206553	9788613
4322	25216767	9784479
4323	25227355	9780487
4324	25237781	9776430
4325	25248059	9772312
4326	25258243	9768155
4327	25268592	9764059
4328	25278669	9759856
4329	25290390	9756283
4330	25302868	9752999
4331	25369114	9770418
4332	25379294	9766224
4333	25390691	9762495
4334	25401353	9758480
4335	25412178	9754524
4336	25423034	9750578
4337	25433392	9746437
4338	25443654	9742257
4339	25454348	9738238
4340	25464069	9733846
4341	25474378	9729675
4342	25483961	9725224
4343	25494439	9721112
4344	25504798	9716952
4345	25516135	9713161
4346	25527208	9709267
4347	25539686	9705903
4348	25551314	9702212
4349	25562507	9698353
4350	25575604	9695211
4351	25728265	9744927
4352	25735618	9739559
4353	25744077	9734608
4354	25775142	9738196
4355	25786319	9734261
4356	25796730	9730034
4357	25803083	9724274
4358	25809268	9718451
4359	25815388	9712603
4360	25821080	9706594
4361	25827063	9700694
4362	25832342	9694531
4363	25837972	9688499
4364	25843235	9682330
4365	25848458	9676146
4366	25853649	9669951
4367	25861328	9664686
4368	25870600	9660015
4369	25876794	9654194
4370	25882781	9648295
4371	25888223	9642193
4372	25893153	9635901
4373	25898072	9629605
4374	25903336	9623438
4375	25909166	9617482
4376	25914545	9611359
4377	25919678	9605144
4378	25924956	9598984
4379	25930554	9592943
4380	25935766	9586759
4381	25941625	9580814
4382	25947470	9574865
4383	25952604	9568653
4384	25957642	9562406
4385	25962695	9556166
4386	25967404	9549800
4387	25972394	9543537
4388	25977237	9537221
4389	25982394	9531021
4390	25987406	9524769
4391	25992100	9518400
4392	25996888	9512067
4393	26001635	9505719
4394	26006879	9499554
4395	26013354	9493838
4396	26019671	9488064
4397	26026063	9482318
4398	26030983	9476035
4399	26037463	9470320
4400	26045052	9465009
4401	26050980	9459092
4402	26057207	9453285
4403	26062781	9447240
4404	26068340	9441190
4405	26073196	9434886
4406	26078411	9428712
4407	26084118	9422717
4408	26089397	9416567
4409	26094300	9410282
4410	26099702	9404178
4411	26104570	9397882
4412	26109253	9391519
4413	26113970	9385170
4414	26118637	9378803
4415	26123242	9372416
4416	26127824	9366020
4417	26132662	9359717
4418	26137612	9353455
4419	26142959	9347335
4420	26148269	9341202
4421	26153624	9335086
4422	26158571	9328825
4423	26163916	9322707
4424	26169380	9316630
4425	26174452	9310415
4426	26179567	9304215
4427	26184779	9298051
4428	26190428	9292042
4429	26196359	9286133
4430	26202280	9280220
4431	26207846	9274182
4432	26213275	9268096
4433	26219611	9262330
4434	26225272	9256326
4435	26231684	9250587
4436	26238047	9244830
4437	26244349	9239052
4438	26250080	9233072
4439	26256076	9227186
4440	26261634	9221146
4441	26267061	9215059
4442	26272815	9209088
4443	26278322	9203031
4444	26283992	9197031
4445	26289641	9191024
4446	26295139	9184964
4447	26300457	9178841
4448	26305725	9172702
4449	26310898	9166530
4450	26315760	9160249
4451	26320850	9154049
4452	26325796	9147800
4453	26331197	9141709
4454	26336496	9135582
4455	26341824	9129467
4456	26346955	9123283
4457	26351887	9117031
4458	26357188	9110907
4459	26363050	9104978
4460	26368357	9098857
4461	26373808	9092785
4462	26379962	9086957
4463	26385932	9081064
4464	26391471	9075024
4465	26397239	9069062
4466	26402976	9063090
4467	26408481	9057039
4468	26413756	9050908
4469	26419158	9044822
4470	26424582	9038744
4471	26430237	9032745
4472	26435682	9026674
4473	26441314	9020667
4474	26446885	9014640
4475	26452352	9008577
4476	26457898	9002542
4477	26463717	8996599
4478	26469158	8990529
4479	26474880	8984554
4480	26481690	8978948
4481	26487493	8973000
4482	26493400	8967087
4483	26499145	8961120
4484	26504534	8955033
4485	26509789	8948900
4486	26515427	8942898
4487	26521256	8936960
4488	26528041	8931343
4489	26534515	8925622
4490	26542180	8920300
4491	26551193	8915430
4492	26558413	8909957
4493	26565321	8904378
4494	26572420	8898863
4495	26578451	8892990
4496	26584562	8887143
4497	26590278	8881164
4498	26596212	8875258
4499	26603265	8869726
4500	26609225	8863828
4501	26615185	8857931
4502	26621222	8852059
4503	26627207	8846169
4504	26633450	8840366
4505	26639748	8834580
4506	26646265	8828866
4507	26652068	8822916
4508	26658081	8817036
4509	26664700	8811356
4510	26670662	8805458
4511	26676545	8799534
4512	26682797	8793732
4513	26689506	8788080
4514	26695209	8782097
4515	26701118	8776181
4516	26707085	8770285
4517	26712820	8764312
4518	26718473	8758313
4519	26724155	8752323
4520	26729689	8746285
4521	26735343	8740286
4522	26741188	8734350
4523	26747143	8728450
4524	26753211	8722587
4525	26759402	8716764
4526	26765555	8710928
4527	26771617	8705063
4528	26777359	8699093
4529	26783364	8693209
4530	26789053	8687222
4531	26794711	8681226
4532	26800628	8675313
4533	26806376	8669346
4534	26811685	8663237
4535	26817388	8657256
4536	26823241	8651323
4537	26829459	8645508
4538	26837502	8640280
4539	26844818	8634817
4540	26850866	8628945
4541	26856770	8623028
4542	26862501	8617055
4543	26868320	8611110
4544	26873814	8605061
4545	26879348	8599025
4546	26885123	8593067
4547	26890948	8587125
4548	26896369	8581053
4549	26902893	8575334
4550	26908580	8569347
4551	26913964	8563265
4552	26919232	8557146
4553	26924421	8551002
4554	26929827	8544927
4555	26935336	8538886
4556	26940919	8532868
4557	26946541	8526862
4558	26952022	8520812
4559	26957547	8514777
4560	26962788	8508651
4561	26968147	8502564
4562	26973703	8496539
4563	26979203	8490496
4564	26984518	8484396
4565	26989823	8478292
4566	26995041	8472162
4567	27000595	8466138
4568	27006254	8460146
4569	27011682	8454083
4570	27017069	8448007
4571	27023387	8442221
4572	27029163	8436267
4573	27034522	8430183
4574	27040035	8424147
4575	27045466	8418086
4576	27050956	8412043
4577	27056480	8406011
4578	27062143	8400023
4579	27067520	8393946
4580	27072780	8387833
4581	27078291	8381798
4582	27084298	8375916
4583	27089930	8369919
4584	27096209	8364122
4585	27101703	8358082
4586	27107114	8352017
4587	27112529	8345954
4588	27118053	8339924
4589	27123766	8333953
4590	27129283	8327921
4591	27135086	8321978
4592	27141144	8316112
4593	27146991	8310182
4594	27153006	8304304
4595	27158457	8298253
4596	27163721	8292145
4597	27169164	8286092
4598	27174642	8280050
4599	27180311	8274067
4600	27186170	8268141
4601	27192010	8262210
4602	27198403	8256447
4603	27205988	8251045
4604	27214350	8245877
4605	27221197	8240249
4606	27228431	8234738
4607	27235458	8229164
4608	27242614	8223627
4609	27249907	8218132
4610	27256567	8212445
4611	27263040	8206701
4612	27269565	8200972
4613	27276676	8195420
4614	27283372	8189742
4615	27289434	8183873
4616	27295890	8178123
4617	27302844	8172521
4618	27309230	8166748
4619	27315830	8161040
4620	27322893	8155469
4621	27329331	8149711
4622	27335626	8143911
4623	27341651	8138030
4624	27348202	8132305
4625	27354945	8126636
4626	27362096	8121089
4627	27369508	8115618
4628	27377118	8110205
4629	27383281	8104362
4630	27391891	8099243
4631	27399562	8093846
4632	27406886	8088344
4633	27415786	8083307
4634	27424010	8078069
4635	27431646	8072657
4636	27438727	8067080
4637	27445506	8061414
4638	27452336	8055763
4639	27458297	8049856
4640	27464104	8043904
4641	27470384	8038091
4642	27476328	8032179
4643	27481969	8026179
4644	27487889	8020260
4645	27494075	8014419
4646	27500166	8008550
4647	27506383	8002717
4648	27513180	7997053
4649	27519887	7991363
4650	27527016	7985794
4651	27535114	7980506
4652	27542202	7974924
4653	27548954	7969244
4654	27556271	7963726
4655	27563595	7958210
4656	27570718	7952636
4657	27577870	7947069
4658	27585607	7941670
4659	27591995	7935882
4660	27598747	7930198
4661	27605840	7924611
4662	27613430	7919167
4663	27622084	7914026
4664	27630545	7908828
4665	27638312	7903431
4666	27645604	7897897
4667	27653574	7892556
4668	27661383	7887168
4669	27671139	7882333
4670	27679915	7877218
4671	27687428	7871741
4672	27694661	7866184
4673	27701456	7860503
4674	27707970	7854741
4675	27714535	7848993
4676	27721265	7843292
4677	27727926	7837570
4678	27734155	7831727
4679	27740579	7825938
4680	27746915	7820124
4681	27753558	7814396
4682	27760316	7808700
4683	27767106	7803013
4684	27773672	7797262
4685	27779891	7791414
4686	27786131	7785572
4687	27792316	7779713
4688	27798773	7773931
4689	27804989	7768081
4690	27812104	7762482
4691	27818561	7756699
4692	27824404	7750745
4693	27830787	7744941
4694	27836876	7739054
4695	27843190	7733231
4696	27849697	7727460
4697	27856307	7721718
4698	27862850	7715957
4699	27868843	7710044
4700	27875255	7704246
4701	27882222	7698601
4702	27889292	7692984
4703	27895496	7687128
4704	27901505	7681218
4705	27908065	7675459
4706	27914290	7669608
4707	27920517	7663757
4708	27926407	7657814
4709	27932255	7651860
4710	27938332	7645968
4711	27944204	7640020
4712	27950136	7634088
4713	27956071	7628157
4714	27962031	7622233
4715	27967918	7616289
4716	27973754	7610332
4717	27979970	7604477
4718	27985746	7598503
4719	27991690	7592575
4720	27997575	7586631
4721	28003482	7580692
4722	28010578	7575076
4723	28016630	7569176
4724	28022910	7563338
4725	28029123	7557482
4726	28035306	7551617
4727	28041572	7545775
4728	28047522	7539847
4729	28053560	7533944
4730	28059511	7528017
4731	28066528	7522375
4732	28076966	7517649
4733	28085000	7512277
4734	28091468	7506486
4735	28098308	7500794
4736	28104447	7494915
4737	28110824	7489098
4738	28117258	7483297
4739	28123567	7477462
4740	28130000	7471660
4741	28136403	7465850
4742	28143179	7460138
4743	28150310	7454520
4744	28157757	7448985
4745	28164417	7443241
4746	28170769	7437415
4747	28177539	7431699
4748	28184169	7425946
4749	28192130	7420544
4750	28200213	7415172
4751	28207915	7409698
4752	28215099	7404088
4753	28222253	7398470
4754	28229967	7392997
4755	28239097	7387894
4756	28247032	7382477
4757	28254552	7376950
4758	28262349	7371495
4759	28269934	7365984
4760	28277666	7360510
4761	28286036	7355201
4762	28294523	7349921
4763	28302189	7344427
4764	28310919	7339207
4765	28318197	7333610
4766	28324987	7327886
4767	28331212	7322016
4768	28337704	7316215
4769	28344197	7310413
4770	28350460	7304552
4771	28357103	7298789
4772	28363831	7293047
4773	28370205	7287213
4774	28377858	7281708
4775	28385143	7276107
4776	28391654	7270308
4777	28397805	7264416
4778	28404032	7258544
4779	28410123	7252636
4780	28416217	7246729
4781	28422441	7240856
4782	28429201	7235118
4783	28437756	7229837
4784	28445409	7224325
4785	28454098	7219075
4786	28462242	7213685
4787	28470291	7208270
4788	28477923	7202749
4789	28484150	7196872
4790	28490757	7191090
4791	28497621	7185373
4792	28503962	7179524
4793	28510617	7173754
4794	28516888	7167887
4795	28526797	7162933
4796	28534154	7157337
4797	28540508	7151488
4798	28548259	7145989
4799	28554862	7140203
4800	28561113	7134328
4801	28567647	7128523
4802	28574603	7122823
4803	28581699	7117158
4804	28591697	7112214
4805	28599771	7106790
4806	28606518	7101035
4807	28613860	7095427
4808	28621300	7089843
4809	28628186	7084121
4810	28634945	7078367
4811	28641517	7072567
4812	28647899	7066720
4813	28654438	7060910
4814	28660891	7055080
4815	28667890	7049383
4816	28677783	7044397
4817	28685768	7038940
4818	28694814	7033743
4819	28703484	7028452
4820	28712947	7023353
4821	28720376	7017756
4822	28727490	7012081
4823	28734624	7006410
4824	28742442	7000905
4825	28749325	6995172
4826	28756811	6989585
4827	28764070	6983942
4828	28771511	6978343
4829	28779259	6972817
4830	28786336	6967127
4831	28793154	6961375
4832	28799712	6955559
4833	28806168	6949719
4834	28814037	6944218
4835	28821942	6938726
4836	28828765	6932972
4837	28835135	6927109
4838	28841491	6921242
4839	28847711	6915343
4840	28854502	6909580
4841	28860895	6903721
4842	28867239	6897851
4843	28873768	6892024
4844	28880977	6886360
4845	28887603	6880556
4846	28894193	6874743
4847	28900648	6868897
4848	28906857	6862993
4849	28913154	6857110
4850	28920671	6851515
4851	28927761	6845819
4852	28934178	6839963
4853	28941467	6834313
4854	28947946	6828471
4855	28954658	6822683
4856	28961029	6816815
4857	28967168	6810892
4858	28973501	6805015
4859	28979876	6799147
4860	28986900	6793432
4861	28993593	6787638
4862	28999989	6781774
4863	29006129	6775851
4864	29013289	6770165
4865	29020377	6764462
4866	29026649	6758568
4867	29032749	6752634
4868	29038661	6746657
4869	29044875	6740749
4870	29051007	6734822
4871	29056787	6728814
4872	29062765	6722852
4873	29068761	6716894
4874	29075039	6711001
4875	29082185	6705308
4876	29089156	6699573
4877	29095392	6693670
4878	29101625	6687765
4879	29107993	6681892
4880	29113996	6675934
4881	29120782	6670156
4882	29127982	6664472
4883	29134187	6658560
4884	29140342	6652637
4885	29147425	6646925
4886	29154957	6641315
4887	29162840	6635784
4888	29169888	6630062
4889	29176494	6624239
4890	29183854	6618587
4891	29190944	6612873
4892	29198159	6607187
4893	29204872	6601387
4894	29212052	6595692
4895	29219095	6589965
4896	29225913	6584187
4897	29232403	6578335
4898	29239043	6572516
4899	29245548	6566667
4900	29253024	6561035
4901	29260217	6555339
4902	29266660	6549474
4903	29272920	6543569
4904	29279749	6537790
4905	29286354	6531961
4906	29292275	6525979
4907	29298279	6520016
4908	29304344	6514066
4909	29309694	6507958
4910	29315188	6501881
4911	29321292	6495940
4912	29327042	6489921
4913	29332170	6483764
4914	29337706	6477698
4915	29343417	6471671
4916	29348816	6465575
4917	29355504	6459763
4918	29361758	6453855
4919	29367736	6447886
4920	29375024	6442205
4921	29382264	6436513
4922	29388710	6430646
4923	29395091	6424765
4924	29401540	6418898
4925	29409510	6413363
4926	29416266	6407562
4927	29422761	6401705
4928	29429856	6395977
4929	29436885	6390234
4930	29445904	6384923
4931	29455053	6379638
4932	29464471	6374410
4933	29473067	6369002
4934	29482301	6363731
4935	29490639	6358265
4936	29498472	6352689
4937	29506771	6347213
4938	29514232	6341555
4939	29521427	6335839
4940	29527935	6329976
4941	29534628	6324152
4942	29541381	6318340
4943	29548487	6312604
4944	29556163	6306988
4945	29563417	6301282
4946	29571421	6295735
4947	29578985	6290093
4948	29587092	6284566
4949	29594910	6278976
4950	29604150	6273687
4951	29614358	6268601
4952	29623035	6263190
4953	29630594	6257541
4954	29637671	6251789
4955	29644950	6246080
4956	29651911	6240303
4957	29658392	6234425
4958	29664743	6228519
4959	29672204	6222845
4960	29679297	6217094
4961	29686414	6211348
4962	29693895	6205676
4963	29701229	6199974
4964	29707867	6194126
4965	29714317	6188238
4966	29720951	6182388
4967	29727537	6176528
4968	29734678	6170783
4969	29741859	6165046
4970	29748370	6159169
4971	29754544	6153223
4972	29761106	6147356
4973	29767822	6141521
4974	29774043	6135583
4975	29780297	6129653
4976	29786235	6123657
4977	29792135	6117653
4978	29798411	6111727
4979	29804970	6105858
4980	29811365	6099956
4981	29817506	6094001
4982	29823649	6088047
4983	29829834	6082101
4984	29836150	6076182
4985	29842334	6070236
4986	29848491	6064284
4987	29855269	6058458
4988	29861415	6052504
4989	29867467	6046530
4990	29874379	6040731
4991	29880428	6034756
4992	29886426	6028772
4993	29892481	6022799
4994	29898381	6016794
4995	29904184	6010770
4996	29910057	6004761
4997	29916499	5998865
4998	29922844	5992950
4999	29929644	5987126
5000	29935927	5981198
5001	29942866	5975401
5002	29948928	5969428
5003	29954803	5963418
5004	29960737	5957420
5005	29966652	5951419
5006	29972682	5945440
5007	29979044	5939527
5008	29985030	5933539
5009	29991176	5927583
5010	29997301	5921623
5011	30003442	5915665
5012	30009892	5909769
5013	30016223	5903849
5014	30022180	5897855
5015	30028181	5891870
5016	30034038	5885857
5017	30039974	5879859
5018	30045886	5873857
5019	30051847	5867864
5020	30057739	5861858
5021	30063863	5855896
5022	30069904	5849919
5023	30075821	5843918
5024	30082362	5838038
5025	30089794	5832330
5026	30098409	5826850
5027	30106582	5821284
5028	30113947	5815561
5029	30120468	5809674
5030	30127118	5803812
5031	30133737	5797944
5032	30140197	5792045
5033	30146627	5786139
5034	30153139	5780250
5035	30159768	5774382
5036	30166540	5768542
5037	30172594	5762564
5038	30178653	5756587
5039	30184426	5750555
5040	30190402	5744562
5041	30196924	5738673
5042	30202991	5732697
5043	30208894	5726691
5044	30215100	5720741
5045	30221617	5714851
5046	30229294	5709179
5047	30236426	5703403
5048	30242778	5697480
5049	30248724	5691481
5050	30254899	5685524
5051	30260669	5679492
5052	30266551	5673480
5053	30272511	5667483
5054	30278366	5661467
5055	30284193	5655445
5056	30289976	5649416
5057	30295631	5643362
5058	30301539	5637356
5059	30307337	5631329
5060	30313150	5625306
5061	30319178	5619322
5062	30325198	5613336
5063	30331520	5607407
5064	30337368	5601390
5065	30343132	5595357
5066	30348817	5589310
5067	30354802	5583318
5068	30360879	5577343
5069	30366780	5571336
5070	30372665	5565326
5071	30378698	5559343
5072	30384670	5553349
5073	30390894	5547401
5074	30396567	5541352
5075	30402721	5535392
5076	30409422	5529530
